#
# There is insufficient memory for the Java Runtime Environment to continue.
# Native memory allocation (malloc) failed to allocate 1113136 bytes. Error detail: Chunk::new
# Possible reasons:
#   The system is out of physical RAM or swap space
#   This process is running with CompressedOops enabled, and the Java Heap may be blocking the growth of the native heap
# Possible solutions:
#   Reduce memory load on the system
#   Increase physical memory or swap space
#   Check if swap backing store is full
#   Decrease Java heap size (-Xmx/-Xms)
#   Decrease number of Java threads
#   Decrease Java thread stack sizes (-Xss)
#   Set larger code cache with -XX:ReservedCodeCacheSize=
#   JVM is running with Unscaled Compressed Oops mode in which the Java heap is
#     placed in the first 4GB address space. The Java Heap base address is the
#     maximum limit for the native heap growth. Please use -XX:HeapBaseMinAddress
#     to set the Java Heap base and to place the Java Heap above 4GB virtual address.
# This output file may be truncated or incomplete.
#
#  Out of Memory Error (arena.cpp:168), pid=14860, tid=11024
#
# JRE version: OpenJDK Runtime Environment Temurin-21.0.11+10 (21.0.11+10) (build 21.0.11+10-LTS)
# Java VM: OpenJDK 64-Bit Server VM Temurin-21.0.11+10 (21.0.11+10-LTS, mixed mode, sharing, tiered, compressed oops, compressed class ptrs, g1 gc, windows-amd64)
# No core dump will be written. Minidumps are not enabled by default on client versions of Windows
#

---------------  S U M M A R Y ------------

Command Line: --add-opens=java.base/java.lang=ALL-UNNAMED --add-opens=java.base/java.lang.invoke=ALL-UNNAMED --add-opens=java.base/java.util=ALL-UNNAMED --add-opens=java.prefs/java.util.prefs=ALL-UNNAMED --add-exports=jdk.compiler/com.sun.tools.javac.api=ALL-UNNAMED --add-exports=jdk.compiler/com.sun.tools.javac.util=ALL-UNNAMED --add-opens=java.base/java.util=ALL-UNNAMED --add-opens=java.prefs/java.util.prefs=ALL-UNNAMED --add-opens=java.base/java.nio.charset=ALL-UNNAMED --add-opens=java.base/java.net=ALL-UNNAMED --add-opens=java.base/java.util.concurrent.atomic=ALL-UNNAMED --add-opens=java.xml/javax.xml.namespace=ALL-UNNAMED -XX:MaxMetaspaceSize=512m -Xmx2048m -Dfile.encoding=UTF-8 -Duser.country=PH -Duser.language=en -Duser.variant -javaagent:C:\Users\kenne\.gradle\wrapper\dists\gradle-8.14.3-bin\cv11ve7ro1n3o1j4so8xd9n66\gradle-8.14.3\lib\agents\gradle-instrumentation-agent-8.14.3.jar org.gradle.launcher.daemon.bootstrap.GradleDaemon 8.14.3

Host: 12th Gen Intel(R) Core(TM) i7-1255U, 12 cores, 15G,  Windows 11 , 64 bit Build 26100 (10.0.26100.9168)
Time: Wed Sep  2 14:18:59 2026 Malay Peninsula Standard Time elapsed time: 354.545651 seconds (0d 0h 5m 54s)

---------------  T H R E A D  ---------------

Current thread (0x000001c0a2dacc30):  JavaThread "C2 CompilerThread0" daemon [_thread_in_native, id=11024, stack(0x00000037c1200000,0x00000037c1300000) (1024K)]


Current CompileTask:
C2:354545 21594       4       org.gradle.api.internal.artifacts.ModuleComponentSelectorSerializer::read (50 bytes)

Stack: [0x00000037c1200000,0x00000037c1300000]
Native frames: (J=compiled Java code, j=interpreted, Vv=VM code, C=native code)
V  [jvm.dll+0x6d7e19]
V  [jvm.dll+0x8b5096]
V  [jvm.dll+0x8b764e]
V  [jvm.dll+0x8b7d33]
V  [jvm.dll+0x284596]
V  [jvm.dll+0xc685d]
V  [jvm.dll+0xc6da1]
V  [jvm.dll+0x3bed31]
V  [jvm.dll+0x38b2b2]
V  [jvm.dll+0x38a6fa]
V  [jvm.dll+0x24c700]
V  [jvm.dll+0x24bce0]
V  [jvm.dll+0x1cb4ae]
V  [jvm.dll+0x25baad]
V  [jvm.dll+0x25a03a]
V  [jvm.dll+0x3f868e]
V  [jvm.dll+0x85fb0d]
V  [jvm.dll+0x6d664d]
C  [ucrtbase.dll+0x2cd30]
C  [KERNEL32.DLL+0x2ccb7]
C  [ntdll.dll+0xaad6c]


---------------  P R O C E S S  ---------------

Threads class SMR info:
_java_thread_list=0x000001c0c4f84710, length=204, elements={
0x000001c08ba574e0, 0x000001c0a2da0de0, 0x000001c0a2da3950, 0x000001c0a2da5950,
0x000001c0a2da84f0, 0x000001c0a2da9080, 0x000001c0a2da9e90, 0x000001c0a2dacc30,
0x000001c0a2dad800, 0x000001c0a39cee30, 0x000001c0a3925600, 0x000001c0c3e91890,
0x000001c0c47823e0, 0x000001c0a37d07a0, 0x000001c0c3925910, 0x000001c0c3925f80,
0x000001c0c45a90d0, 0x000001c0c45ab1a0, 0x000001c0c45a9760, 0x000001c0c45a9df0,
0x000001c0c45a7d20, 0x000001c0c45a83b0, 0x000001c0c45aa480, 0x000001c0c45a8a40,
0x000001c0c46a9f20, 0x000001c0c46abff0, 0x000001c0c46ab960, 0x000001c0c46ac680,
0x000001c0c46ab2d0, 0x000001c0c46a9890, 0x000001c0c46afb00, 0x000001c0c46aede0,
0x000001c0c46b0820, 0x000001c0c46b0190, 0x000001c0c46ae0c0, 0x000001c0c46ae750,
0x000001c0c7b249e0, 0x000001c0c7b27140, 0x000001c0c7b25070, 0x000001c0c7b24350,
0x000001c0c7b277d0, 0x000001c0c7b27e60, 0x000001c0c7b25700, 0x000001c0c7b29210,
0x000001c0c7b28b80, 0x000001c0c7b25d90, 0x000001c0c7b298a0, 0x000001c0c7b29f30,
0x000001c0c7b2a5c0, 0x000001c0c7b2ac50, 0x000001c0c5c33bc0, 0x000001c0c5c30dd0,
0x000001c0c5c32180, 0x000001c0c5c348e0, 0x000001c0c5c31460, 0x000001c0c5c33530,
0x000001c0c5c34250, 0x000001c0c5c34f70, 0x000001c0c5c31af0, 0x000001c0c5c35600,
0x000001c0c5c35c90, 0x000001c0c5c32810, 0x000001c0c5c36320, 0x000001c0c5c32ea0,
0x000001c0c5c37d60, 0x000001c0c5c376d0, 0x000001c0c5c369b0, 0x000001c0c5c383f0,
0x000001c0c5c37040, 0x000001c0c6f79cd0, 0x000001c0c6f7a360, 0x000001c0c6f7b710,
0x000001c0c6f7bda0, 0x000001c0c6f7c430, 0x000001c0c6f7a9f0, 0x000001c0c6f7d150,
0x000001c0c6f7de70, 0x000001c0c4a33b90, 0x000001c0c7fb5fe0, 0x000001c0c7fb6d00,
0x000001c0c7fb4c30, 0x000001c0c7fb3f10, 0x000001c0c7fb8dd0, 0x000001c0c7fb9460,
0x000001c0c7fb7a20, 0x000001c0c7fb9af0, 0x000001c0c7fba810, 0x000001c0c7fbaea0,
0x000001c0c7fba180, 0x000001c0c7fb45a0, 0x000001c0c91b7e80, 0x000001c0c91b8ba0,
0x000001c0c91b9230, 0x000001c0c91b8510, 0x000001c0c91b5db0, 0x000001c0c91b98c0,
0x000001c0c91b6440, 0x000001c0c91b6ad0, 0x000001c0c91b77f0, 0x000001c0c91b7160,
0x000001c0c8856b20, 0x000001c0c8857ed0, 0x000001c0c8859280, 0x000001c0c8858bf0,
0x000001c0c8857840, 0x000001c0c8859910, 0x000001c0c8859fa0, 0x000001c0c88571b0,
0x000001c0c8858560, 0x000001c0c7c53db0, 0x000001c0c7c51ce0, 0x000001c0c7c51650,
0x000001c0c7c53720, 0x000001c0c7c53090, 0x000001c0c7c52370, 0x000001c0c7c55160,
0x000001c0c7c585e0, 0x000001c0c7c57f50, 0x000001c0c7c56510, 0x000001c0c91b2fc0,
0x000001c0c91b4a00, 0x000001c0c91b4370, 0x000001c0c91b5090, 0x000001c0c91b2930,
0x000001c0c91b3650, 0x000001c0c91b3ce0, 0x000001c0c91b5720, 0x000001c0c91b22a0,
0x000001c0c4a33500, 0x000001c0c71329a0, 0x000001c0c71315f0, 0x000001c0c7131c80,
0x000001c0c7132310, 0x000001c0c7984f10, 0x000001c0c7983b60, 0x000001c0c79841f0,
0x000001c0c7984880, 0x000001c0c60c2d90, 0x000001c0c60c54f0, 0x000001c0c60c3420,
0x000001c0c60c3ab0, 0x000001c0c8f1a290, 0x000001c0c60c2700, 0x000001c0c8f19c00,
0x000001c0c60c2070, 0x000001c0c8f1a920, 0x000001c0c60c4140, 0x000001c0c8f1afb0,
0x000001c0c60c47d0, 0x000001c0c8268440, 0x000001c0c60c4e60, 0x000001c0c8268ad0,
0x000001c0c826aa10, 0x000001c0c8269160, 0x000001c0c826c450, 0x000001c0c8267db0,
0x000001c0c8267720, 0x000001c0c826b0a0, 0x000001c0c82697f0, 0x000001c0c826d800,
0x000001c0c826cae0, 0x000001c0c93dbcf0, 0x000001c0c7c49d50, 0x000001c0c93dc380,
0x000001c0c7c4a3e0, 0x000001c0c93dca10, 0x000001c0c93dd0a0, 0x000001c0c7c49030,
0x000001c0c7c4aa70, 0x000001c0c7faee20, 0x000001c0c7c4b100, 0x000001c0c7c4b790,
0x000001c0c7c4be20, 0x000001c0c9741f00, 0x000001c0c9741870, 0x000001c0c8e8c3c0,
0x000001c0c797e7a0, 0x000001c0c7981c20, 0x000001c0c797ee30, 0x000001c0c7981590,
0x000001c0c7faf4b0, 0x000001c0c84275b0, 0x000001c0c61b0ea0, 0x000001c0c9af92f0,
0x000001c0c797f4c0, 0x000001c0c7fafb40, 0x000001c0c7fb0860, 0x000001c0c6e83070,
0x000001c0c4a30da0, 0x000001c0c79834d0, 0x000001c0c7426a80, 0x000001c0c9af7f40,
0x000001c0c8427c40, 0x000001c0c7fb1580, 0x000001c0c6e83700, 0x000001c0c6e829e0,
0x000001c0c8267090, 0x000001c0c8216580, 0x000001c0c9af85d0, 0x000001c0cee502f0,
0x000001c0cee4f5d0, 0x000001c0c826d170, 0x000001c0cf3b9540, 0x000001c0cf3b7b00
}

Java Threads: ( => current thread )
  0x000001c08ba574e0 JavaThread "main"                              [_thread_blocked, id=29840, stack(0x00000037c0400000,0x00000037c0500000) (1024K)]
  0x000001c0a2da0de0 JavaThread "Reference Handler"          daemon [_thread_blocked, id=12672, stack(0x00000037c0c00000,0x00000037c0d00000) (1024K)]
  0x000001c0a2da3950 JavaThread "Finalizer"                  daemon [_thread_blocked, id=29280, stack(0x00000037c0d00000,0x00000037c0e00000) (1024K)]
  0x000001c0a2da5950 JavaThread "Signal Dispatcher"          daemon [_thread_blocked, id=14200, stack(0x00000037c0e00000,0x00000037c0f00000) (1024K)]
  0x000001c0a2da84f0 JavaThread "Attach Listener"            daemon [_thread_blocked, id=28996, stack(0x00000037c0f00000,0x00000037c1000000) (1024K)]
  0x000001c0a2da9080 JavaThread "Service Thread"             daemon [_thread_blocked, id=28964, stack(0x00000037c1000000,0x00000037c1100000) (1024K)]
  0x000001c0a2da9e90 JavaThread "Monitor Deflation Thread"   daemon [_thread_blocked, id=17976, stack(0x00000037c1100000,0x00000037c1200000) (1024K)]
=>0x000001c0a2dacc30 JavaThread "C2 CompilerThread0"         daemon [_thread_in_native, id=11024, stack(0x00000037c1200000,0x00000037c1300000) (1024K)]
  0x000001c0a2dad800 JavaThread "C1 CompilerThread0"         daemon [_thread_blocked, id=27996, stack(0x00000037c1300000,0x00000037c1400000) (1024K)]
  0x000001c0a39cee30 JavaThread "Common-Cleaner"             daemon [_thread_blocked, id=22060, stack(0x00000037c1400000,0x00000037c1500000) (1024K)]
  0x000001c0a3925600 JavaThread "Notification Thread"        daemon [_thread_blocked, id=30004, stack(0x00000037c1500000,0x00000037c1600000) (1024K)]
  0x000001c0c3e91890 JavaThread "Daemon health stats"               [_thread_blocked, id=15608, stack(0x00000037c1b00000,0x00000037c1c00000) (1024K)]
  0x000001c0c47823e0 JavaThread "Incoming local TCP Connector on port 3153"        [_thread_in_native, id=8456, stack(0x00000037c1f00000,0x00000037c2000000) (1024K)]
  0x000001c0a37d07a0 JavaThread "Daemon periodic checks"            [_thread_blocked, id=27028, stack(0x00000037c2000000,0x00000037c2100000) (1024K)]
  0x000001c0c3925910 JavaThread "Daemon"                            [_thread_blocked, id=11372, stack(0x00000037c2100000,0x00000037c2200000) (1024K)]
  0x000001c0c3925f80 JavaThread "Handler for socket connection from /127.0.0.1:3153 to /127.0.0.1:3154"        [_thread_in_native, id=13316, stack(0x00000037c2200000,0x00000037c2300000) (1024K)]
  0x000001c0c45a90d0 JavaThread "Cancel handler"                    [_thread_blocked, id=29452, stack(0x00000037c2300000,0x00000037c2400000) (1024K)]
  0x000001c0c45ab1a0 JavaThread "Daemon worker"                     [_thread_in_native, id=29100, stack(0x00000037c2400000,0x00000037c2500000) (1024K)]
  0x000001c0c45a9760 JavaThread "Asynchronous log dispatcher for DefaultDaemonConnection: socket connection from /127.0.0.1:3153 to /127.0.0.1:3154"        [_thread_blocked, id=29800, stack(0x00000037c2500000,0x00000037c2600000) (1024K)]
  0x000001c0c45a9df0 JavaThread "Stdin handler"                     [_thread_blocked, id=17672, stack(0x00000037c2600000,0x00000037c2700000) (1024K)]
  0x000001c0c45a7d20 JavaThread "Daemon client event forwarder"        [_thread_blocked, id=2220, stack(0x00000037c2700000,0x00000037c2800000) (1024K)]
  0x000001c0c45a83b0 JavaThread "Cache worker for journal cache (C:\Users\kenne\.gradle\caches\journal-1)"        [_thread_blocked, id=29300, stack(0x00000037c0100000,0x00000037c0200000) (1024K)]
  0x000001c0c45aa480 JavaThread "File lock request listener"        [_thread_in_native, id=29592, stack(0x00000037c2800000,0x00000037c2900000) (1024K)]
  0x000001c0c45a8a40 JavaThread "Cache worker for file hash cache (C:\Users\kenne\.gradle\caches\8.14.3\fileHashes)"        [_thread_blocked, id=21004, stack(0x00000037c2900000,0x00000037c2a00000) (1024K)]
  0x000001c0c46a9f20 JavaThread "Cache worker for file hash cache (C:\Users\kenne\Desktop\em-res\EM_DS\EARM\responder\android\.gradle\8.14.3\fileHashes)"        [_thread_blocked, id=30416, stack(0x00000037c2d00000,0x00000037c2e00000) (1024K)]
  0x000001c0c46abff0 JavaThread "Cache worker for Build Output Cleanup Cache (C:\Users\kenne\Desktop\em-res\EM_DS\EARM\responder\android\.gradle\buildOutputCleanup)"        [_thread_blocked, id=23292, stack(0x00000037c2e00000,0x00000037c2f00000) (1024K)]
  0x000001c0c46ab960 JavaThread "File watcher server"        daemon [_thread_in_native, id=29296, stack(0x00000037c3000000,0x00000037c3100000) (1024K)]
  0x000001c0c46ac680 JavaThread "File watcher consumer"      daemon [_thread_blocked, id=7276, stack(0x00000037c3100000,0x00000037c3200000) (1024K)]
  0x000001c0c46ab2d0 JavaThread "jar transforms"                    [_thread_blocked, id=12008, stack(0x00000037c0200000,0x00000037c0300000) (1024K)]
  0x000001c0c46a9890 JavaThread "jar transforms Thread 2"           [_thread_blocked, id=29628, stack(0x00000037c0300000,0x00000037c0400000) (1024K)]
  0x000001c0c46afb00 JavaThread "Cache worker for checksums cache (C:\Users\kenne\Desktop\em-res\EM_DS\EARM\responder\android\.gradle\8.14.3\checksums)"        [_thread_blocked, id=6708, stack(0x00000037c3200000,0x00000037c3300000) (1024K)]
  0x000001c0c46aede0 JavaThread "Cache worker for file content cache (C:\Users\kenne\.gradle\caches\8.14.3\fileContent)"        [_thread_blocked, id=29412, stack(0x00000037c3300000,0x00000037c3400000) (1024K)]
  0x000001c0c46b0820 JavaThread "jar transforms Thread 3"           [_thread_blocked, id=25972, stack(0x00000037c3400000,0x00000037c3500000) (1024K)]
  0x000001c0c46b0190 JavaThread "Cache worker for cache directory md-supplier (C:\Users\kenne\.gradle\caches\8.14.3\md-supplier)"        [_thread_blocked, id=5940, stack(0x00000037c3500000,0x00000037c3600000) (1024K)]
  0x000001c0c46ae0c0 JavaThread "Cache worker for cache directory md-rule (C:\Users\kenne\.gradle\caches\8.14.3\md-rule)"        [_thread_blocked, id=22720, stack(0x00000037c3900000,0x00000037c3a00000) (1024K)]
  0x000001c0c46ae750 JavaThread "Cache worker for Build Output Cleanup Cache (C:\Users\kenne\Desktop\em-res\EM_DS\EARM\responder\node_modules\@react-native\gradle-plugin\.gradle\buildOutputCleanup)"        [_thread_blocked, id=21388, stack(0x00000037c3b00000,0x00000037c3c00000) (1024K)]
  0x000001c0c7b249e0 JavaThread "Unconstrained build operations"        [_thread_blocked, id=28676, stack(0x00000037c3a00000,0x00000037c3b00000) (1024K)]
  0x000001c0c7b27140 JavaThread "Unconstrained build operations Thread 2"        [_thread_blocked, id=29272, stack(0x00000037c3c00000,0x00000037c3d00000) (1024K)]
  0x000001c0c7b25070 JavaThread "Unconstrained build operations Thread 3"        [_thread_blocked, id=25408, stack(0x00000037c3d00000,0x00000037c3e00000) (1024K)]
  0x000001c0c7b24350 JavaThread "Unconstrained build operations Thread 4"        [_thread_blocked, id=29024, stack(0x00000037c3e00000,0x00000037c3f00000) (1024K)]
  0x000001c0c7b277d0 JavaThread "Unconstrained build operations Thread 5"        [_thread_blocked, id=23616, stack(0x00000037c3f00000,0x00000037c4000000) (1024K)]
  0x000001c0c7b27e60 JavaThread "Unconstrained build operations Thread 6"        [_thread_blocked, id=28952, stack(0x00000037c4000000,0x00000037c4100000) (1024K)]
  0x000001c0c7b25700 JavaThread "Cache worker for Build Output Cleanup Cache (C:\Users\kenne\Desktop\em-res\EM_DS\EARM\responder\node_modules\expo-modules-autolinking\android\expo-gradle-plugin\.gradle\buildOutputCleanup)"        [_thread_blocked, id=22680, stack(0x00000037c4100000,0x00000037c4200000) (1024K)]
  0x000001c0c7b29210 JavaThread "Unconstrained build operations Thread 7"        [_thread_blocked, id=30176, stack(0x00000037c4200000,0x00000037c4300000) (1024K)]
  0x000001c0c7b28b80 JavaThread "Unconstrained build operations Thread 8"        [_thread_blocked, id=30688, stack(0x00000037c4300000,0x00000037c4400000) (1024K)]
  0x000001c0c7b25d90 JavaThread "Unconstrained build operations Thread 9"        [_thread_blocked, id=28612, stack(0x00000037c4400000,0x00000037c4500000) (1024K)]
  0x000001c0c7b298a0 JavaThread "Unconstrained build operations Thread 10"        [_thread_blocked, id=9548, stack(0x00000037c4500000,0x00000037c4600000) (1024K)]
  0x000001c0c7b29f30 JavaThread "Unconstrained build operations Thread 11"        [_thread_blocked, id=14596, stack(0x00000037c4600000,0x00000037c4700000) (1024K)]
  0x000001c0c7b2a5c0 JavaThread "Unconstrained build operations Thread 12"        [_thread_blocked, id=7704, stack(0x00000037c4700000,0x00000037c4800000) (1024K)]
  0x000001c0c7b2ac50 JavaThread "Unconstrained build operations Thread 13"        [_thread_blocked, id=24516, stack(0x00000037c4800000,0x00000037c4900000) (1024K)]
  0x000001c0c5c33bc0 JavaThread "Unconstrained build operations Thread 14"        [_thread_blocked, id=21556, stack(0x00000037c4900000,0x00000037c4a00000) (1024K)]
  0x000001c0c5c30dd0 JavaThread "Unconstrained build operations Thread 15"        [_thread_blocked, id=17200, stack(0x00000037c4a00000,0x00000037c4b00000) (1024K)]
  0x000001c0c5c32180 JavaThread "Unconstrained build operations Thread 16"        [_thread_blocked, id=28800, stack(0x00000037c4b00000,0x00000037c4c00000) (1024K)]
  0x000001c0c5c348e0 JavaThread "Unconstrained build operations Thread 17"        [_thread_blocked, id=24700, stack(0x00000037c4c00000,0x00000037c4d00000) (1024K)]
  0x000001c0c5c31460 JavaThread "Unconstrained build operations Thread 18"        [_thread_blocked, id=30224, stack(0x00000037c4d00000,0x00000037c4e00000) (1024K)]
  0x000001c0c5c33530 JavaThread "Unconstrained build operations Thread 19"        [_thread_blocked, id=24116, stack(0x00000037c4e00000,0x00000037c4f00000) (1024K)]
  0x000001c0c5c34250 JavaThread "Unconstrained build operations Thread 20"        [_thread_blocked, id=18204, stack(0x00000037c4f00000,0x00000037c5000000) (1024K)]
  0x000001c0c5c34f70 JavaThread "Unconstrained build operations Thread 21"        [_thread_blocked, id=11788, stack(0x00000037c5000000,0x00000037c5100000) (1024K)]
  0x000001c0c5c31af0 JavaThread "Unconstrained build operations Thread 22"        [_thread_blocked, id=23516, stack(0x00000037c5100000,0x00000037c5200000) (1024K)]
  0x000001c0c5c35600 JavaThread "Unconstrained build operations Thread 23"        [_thread_blocked, id=24728, stack(0x00000037c5200000,0x00000037c5300000) (1024K)]
  0x000001c0c5c35c90 JavaThread "Unconstrained build operations Thread 24"        [_thread_blocked, id=22508, stack(0x00000037c5300000,0x00000037c5400000) (1024K)]
  0x000001c0c5c32810 JavaThread "Unconstrained build operations Thread 25"        [_thread_blocked, id=28400, stack(0x00000037c5400000,0x00000037c5500000) (1024K)]
  0x000001c0c5c36320 JavaThread "Unconstrained build operations Thread 26"        [_thread_blocked, id=18820, stack(0x00000037c5500000,0x00000037c5600000) (1024K)]
  0x000001c0c5c32ea0 JavaThread "Unconstrained build operations Thread 27"        [_thread_blocked, id=28696, stack(0x00000037c5600000,0x00000037c5700000) (1024K)]
  0x000001c0c5c37d60 JavaThread "Unconstrained build operations Thread 28"        [_thread_blocked, id=21820, stack(0x00000037c5700000,0x00000037c5800000) (1024K)]
  0x000001c0c5c376d0 JavaThread "Unconstrained build operations Thread 29"        [_thread_blocked, id=19200, stack(0x00000037c5800000,0x00000037c5900000) (1024K)]
  0x000001c0c5c369b0 JavaThread "Unconstrained build operations Thread 30"        [_thread_blocked, id=7356, stack(0x00000037c5900000,0x00000037c5a00000) (1024K)]
  0x000001c0c5c383f0 JavaThread "Unconstrained build operations Thread 31"        [_thread_blocked, id=30640, stack(0x00000037c5a00000,0x00000037c5b00000) (1024K)]
  0x000001c0c5c37040 JavaThread "Unconstrained build operations Thread 32"        [_thread_blocked, id=23920, stack(0x00000037c5b00000,0x00000037c5c00000) (1024K)]
  0x000001c0c6f79cd0 JavaThread "Unconstrained build operations Thread 33"        [_thread_blocked, id=3860, stack(0x00000037c5c00000,0x00000037c5d00000) (1024K)]
  0x000001c0c6f7a360 JavaThread "Unconstrained build operations Thread 34"        [_thread_blocked, id=8216, stack(0x00000037c5d00000,0x00000037c5e00000) (1024K)]
  0x000001c0c6f7b710 JavaThread "Unconstrained build operations Thread 35"        [_thread_blocked, id=29996, stack(0x00000037c5e00000,0x00000037c5f00000) (1024K)]
  0x000001c0c6f7bda0 JavaThread "Unconstrained build operations Thread 36"        [_thread_blocked, id=12916, stack(0x00000037c5f00000,0x00000037c6000000) (1024K)]
  0x000001c0c6f7c430 JavaThread "Unconstrained build operations Thread 37"        [_thread_blocked, id=12316, stack(0x00000037c6000000,0x00000037c6100000) (1024K)]
  0x000001c0c6f7a9f0 JavaThread "Unconstrained build operations Thread 38"        [_thread_blocked, id=27300, stack(0x00000037c6100000,0x00000037c6200000) (1024K)]
  0x000001c0c6f7d150 JavaThread "Unconstrained build operations Thread 39"        [_thread_blocked, id=12380, stack(0x00000037c6200000,0x00000037c6300000) (1024K)]
  0x000001c0c6f7de70 JavaThread "build event listener"              [_thread_blocked, id=13484, stack(0x00000037c6500000,0x00000037c6600000) (1024K)]
  0x000001c0c4a33b90 JavaThread "Memory manager"                    [_thread_blocked, id=21696, stack(0x00000037c6300000,0x00000037c6400000) (1024K)]
  0x000001c0c7fb5fe0 JavaThread "Unconstrained build operations Thread 40"        [_thread_blocked, id=22600, stack(0x00000037c6400000,0x00000037c6500000) (1024K)]
  0x000001c0c7fb6d00 JavaThread "Unconstrained build operations Thread 41"        [_thread_blocked, id=28756, stack(0x00000037c6600000,0x00000037c6700000) (1024K)]
  0x000001c0c7fb4c30 JavaThread "Unconstrained build operations Thread 42"        [_thread_blocked, id=22940, stack(0x00000037c6700000,0x00000037c6800000) (1024K)]
  0x000001c0c7fb3f10 JavaThread "Unconstrained build operations Thread 43"        [_thread_blocked, id=7748, stack(0x00000037c6800000,0x00000037c6900000) (1024K)]
  0x000001c0c7fb8dd0 JavaThread "Unconstrained build operations Thread 44"        [_thread_blocked, id=27120, stack(0x00000037c6900000,0x00000037c6a00000) (1024K)]
  0x000001c0c7fb9460 JavaThread "Unconstrained build operations Thread 45"        [_thread_blocked, id=24212, stack(0x00000037c6a00000,0x00000037c6b00000) (1024K)]
  0x000001c0c7fb7a20 JavaThread "Unconstrained build operations Thread 46"        [_thread_blocked, id=27600, stack(0x00000037c6b00000,0x00000037c6c00000) (1024K)]
  0x000001c0c7fb9af0 JavaThread "Unconstrained build operations Thread 47"        [_thread_blocked, id=25484, stack(0x00000037c6c00000,0x00000037c6d00000) (1024K)]
  0x000001c0c7fba810 JavaThread "Unconstrained build operations Thread 48"        [_thread_blocked, id=26412, stack(0x00000037c6d00000,0x00000037c6e00000) (1024K)]
  0x000001c0c7fbaea0 JavaThread "Unconstrained build operations Thread 49"        [_thread_blocked, id=22412, stack(0x00000037c6e00000,0x00000037c6f00000) (1024K)]
  0x000001c0c7fba180 JavaThread "Unconstrained build operations Thread 50"        [_thread_blocked, id=24020, stack(0x00000037c6f00000,0x00000037c7000000) (1024K)]
  0x000001c0c7fb45a0 JavaThread "build event listener"              [_thread_blocked, id=29320, stack(0x00000037c7000000,0x00000037c7100000) (1024K)]
  0x000001c0c91b7e80 JavaThread "Unconstrained build operations Thread 51"        [_thread_blocked, id=26756, stack(0x00000037c7100000,0x00000037c7200000) (1024K)]
  0x000001c0c91b8ba0 JavaThread "Unconstrained build operations Thread 52"        [_thread_blocked, id=29544, stack(0x00000037c7200000,0x00000037c7300000) (1024K)]
  0x000001c0c91b9230 JavaThread "Unconstrained build operations Thread 53"        [_thread_blocked, id=23260, stack(0x00000037c7300000,0x00000037c7400000) (1024K)]
  0x000001c0c91b8510 JavaThread "Unconstrained build operations Thread 54"        [_thread_blocked, id=23544, stack(0x00000037c7400000,0x00000037c7500000) (1024K)]
  0x000001c0c91b5db0 JavaThread "Unconstrained build operations Thread 55"        [_thread_blocked, id=26224, stack(0x00000037c7500000,0x00000037c7600000) (1024K)]
  0x000001c0c91b98c0 JavaThread "Unconstrained build operations Thread 56"        [_thread_blocked, id=29372, stack(0x00000037c7600000,0x00000037c7700000) (1024K)]
  0x000001c0c91b6440 JavaThread "Unconstrained build operations Thread 57"        [_thread_blocked, id=29448, stack(0x00000037c7700000,0x00000037c7800000) (1024K)]
  0x000001c0c91b6ad0 JavaThread "Unconstrained build operations Thread 58"        [_thread_blocked, id=21908, stack(0x00000037c7800000,0x00000037c7900000) (1024K)]
  0x000001c0c91b77f0 JavaThread "Unconstrained build operations Thread 59"        [_thread_blocked, id=412, stack(0x00000037c7900000,0x00000037c7a00000) (1024K)]
  0x000001c0c91b7160 JavaThread "Unconstrained build operations Thread 60"        [_thread_blocked, id=7992, stack(0x00000037c7a00000,0x00000037c7b00000) (1024K)]
  0x000001c0c8856b20 JavaThread "Unconstrained build operations Thread 61"        [_thread_blocked, id=23928, stack(0x00000037c7b00000,0x00000037c7c00000) (1024K)]
  0x000001c0c8857ed0 JavaThread "Unconstrained build operations Thread 62"        [_thread_blocked, id=12504, stack(0x00000037c7c00000,0x00000037c7d00000) (1024K)]
  0x000001c0c8859280 JavaThread "Unconstrained build operations Thread 63"        [_thread_blocked, id=29752, stack(0x00000037c7d00000,0x00000037c7e00000) (1024K)]
  0x000001c0c8858bf0 JavaThread "Unconstrained build operations Thread 64"        [_thread_blocked, id=21852, stack(0x00000037c7e00000,0x00000037c7f00000) (1024K)]
  0x000001c0c8857840 JavaThread "Unconstrained build operations Thread 65"        [_thread_blocked, id=27344, stack(0x00000037c7f00000,0x00000037c8000000) (1024K)]
  0x000001c0c8859910 JavaThread "Unconstrained build operations Thread 66"        [_thread_blocked, id=20824, stack(0x00000037c8000000,0x00000037c8100000) (1024K)]
  0x000001c0c8859fa0 JavaThread "Unconstrained build operations Thread 67"        [_thread_blocked, id=4020, stack(0x00000037c8100000,0x00000037c8200000) (1024K)]
  0x000001c0c88571b0 JavaThread "Unconstrained build operations Thread 68"        [_thread_blocked, id=23688, stack(0x00000037c8200000,0x00000037c8300000) (1024K)]
  0x000001c0c8858560 JavaThread "Unconstrained build operations Thread 69"        [_thread_blocked, id=30376, stack(0x00000037c8300000,0x00000037c8400000) (1024K)]
  0x000001c0c7c53db0 JavaThread "Unconstrained build operations Thread 70"        [_thread_blocked, id=25012, stack(0x00000037c8400000,0x00000037c8500000) (1024K)]
  0x000001c0c7c51ce0 JavaThread "Unconstrained build operations Thread 71"        [_thread_blocked, id=24820, stack(0x00000037c8500000,0x00000037c8600000) (1024K)]
  0x000001c0c7c51650 JavaThread "Unconstrained build operations Thread 72"        [_thread_blocked, id=30380, stack(0x00000037c8600000,0x00000037c8700000) (1024K)]
  0x000001c0c7c53720 JavaThread "Unconstrained build operations Thread 73"        [_thread_blocked, id=21264, stack(0x00000037c8700000,0x00000037c8800000) (1024K)]
  0x000001c0c7c53090 JavaThread "Unconstrained build operations Thread 74"        [_thread_blocked, id=20892, stack(0x00000037c8800000,0x00000037c8900000) (1024K)]
  0x000001c0c7c52370 JavaThread "ForkJoinPool.commonPool-worker-1" daemon [_thread_blocked, id=11004, stack(0x00000037c8b00000,0x00000037c8c00000) (1024K)]
  0x000001c0c7c55160 JavaThread "ForkJoinPool.commonPool-worker-5" daemon [_thread_blocked, id=21708, stack(0x00000037c9000000,0x00000037c9100000) (1024K)]
  0x000001c0c7c585e0 JavaThread "Execution worker"                  [_thread_blocked, id=876, stack(0x00000037c9400000,0x00000037c9500000) (1024K)]
  0x000001c0c7c57f50 JavaThread "Execution worker Thread 2"         [_thread_blocked, id=29488, stack(0x00000037c9500000,0x00000037c9600000) (1024K)]
  0x000001c0c7c56510 JavaThread "Execution worker Thread 3"         [_thread_blocked, id=27764, stack(0x00000037c9600000,0x00000037c9700000) (1024K)]
  0x000001c0c91b2fc0 JavaThread "Execution worker Thread 4"         [_thread_blocked, id=28732, stack(0x00000037c9700000,0x00000037c9800000) (1024K)]
  0x000001c0c91b4a00 JavaThread "Execution worker Thread 5"         [_thread_blocked, id=27416, stack(0x00000037c9800000,0x00000037c9900000) (1024K)]
  0x000001c0c91b4370 JavaThread "Execution worker Thread 6"         [_thread_blocked, id=28152, stack(0x00000037c9900000,0x00000037c9a00000) (1024K)]
  0x000001c0c91b5090 JavaThread "Execution worker Thread 7"         [_thread_blocked, id=28740, stack(0x00000037c9a00000,0x00000037c9b00000) (1024K)]
  0x000001c0c91b2930 JavaThread "Execution worker Thread 8"         [_thread_blocked, id=30400, stack(0x00000037c9b00000,0x00000037c9c00000) (1024K)]
  0x000001c0c91b3650 JavaThread "Execution worker Thread 9"         [_thread_blocked, id=29632, stack(0x00000037c9c00000,0x00000037c9d00000) (1024K)]
  0x000001c0c91b3ce0 JavaThread "Execution worker Thread 10"        [_thread_blocked, id=9884, stack(0x00000037c9d00000,0x00000037c9e00000) (1024K)]
  0x000001c0c91b5720 JavaThread "Execution worker Thread 11"        [_thread_blocked, id=25264, stack(0x00000037c9e00000,0x00000037c9f00000) (1024K)]
  0x000001c0c91b22a0 JavaThread "Cache worker for execution history cache (C:\Users\kenne\Desktop\em-res\EM_DS\EARM\responder\node_modules\expo-modules-autolinking\android\expo-gradle-plugin\.gradle\8.14.3\executionHistory)"        [_thread_blocked, id=29180, stack(0x00000037c9f00000,0x00000037ca000000) (1024K)]
  0x000001c0c4a33500 JavaThread "Cache worker for execution history cache (C:\Users\kenne\Desktop\em-res\EM_DS\EARM\responder\node_modules\@react-native\gradle-plugin\.gradle\8.14.3\executionHistory)"        [_thread_blocked, id=29664, stack(0x00000037ca000000,0x00000037ca100000) (1024K)]
  0x000001c0c71329a0 JavaThread "Unconstrained build operations Thread 75"        [_thread_blocked, id=28904, stack(0x00000037c8900000,0x00000037c8a00000) (1024K)]
  0x000001c0c71315f0 JavaThread "Unconstrained build operations Thread 76"        [_thread_blocked, id=30588, stack(0x00000037ca100000,0x00000037ca200000) (1024K)]
  0x000001c0c7131c80 JavaThread "Unconstrained build operations Thread 77"        [_thread_blocked, id=24004, stack(0x00000037ca200000,0x00000037ca300000) (1024K)]
  0x000001c0c7132310 JavaThread "Unconstrained build operations Thread 78"        [_thread_blocked, id=23040, stack(0x00000037ca300000,0x00000037ca400000) (1024K)]
  0x000001c0c7984f10 JavaThread "Unconstrained build operations Thread 79"        [_thread_blocked, id=27480, stack(0x00000037ca400000,0x00000037ca500000) (1024K)]
  0x000001c0c7983b60 JavaThread "Unconstrained build operations Thread 80"        [_thread_blocked, id=22024, stack(0x00000037ca500000,0x00000037ca600000) (1024K)]
  0x000001c0c79841f0 JavaThread "Unconstrained build operations Thread 81"        [_thread_blocked, id=11996, stack(0x00000037ca600000,0x00000037ca700000) (1024K)]
  0x000001c0c7984880 JavaThread "Unconstrained build operations Thread 82"        [_thread_blocked, id=4108, stack(0x00000037ca700000,0x00000037ca800000) (1024K)]
  0x000001c0c60c2d90 JavaThread "Unconstrained build operations Thread 83"        [_thread_blocked, id=30340, stack(0x00000037ca800000,0x00000037ca900000) (1024K)]
  0x000001c0c60c54f0 JavaThread "Unconstrained build operations Thread 84"        [_thread_blocked, id=23796, stack(0x00000037ca900000,0x00000037caa00000) (1024K)]
  0x000001c0c60c3420 JavaThread "Unconstrained build operations Thread 85"        [_thread_blocked, id=29812, stack(0x00000037caa00000,0x00000037cab00000) (1024K)]
  0x000001c0c60c3ab0 JavaThread "Unconstrained build operations Thread 86"        [_thread_blocked, id=24040, stack(0x00000037cab00000,0x00000037cac00000) (1024K)]
  0x000001c0c8f1a290 JavaThread "Unconstrained build operations Thread 87"        [_thread_blocked, id=27152, stack(0x00000037cac00000,0x00000037cad00000) (1024K)]
  0x000001c0c60c2700 JavaThread "Unconstrained build operations Thread 88"        [_thread_blocked, id=21028, stack(0x00000037cad00000,0x00000037cae00000) (1024K)]
  0x000001c0c8f19c00 JavaThread "Unconstrained build operations Thread 89"        [_thread_blocked, id=29844, stack(0x00000037cae00000,0x00000037caf00000) (1024K)]
  0x000001c0c60c2070 JavaThread "Unconstrained build operations Thread 90"        [_thread_blocked, id=30652, stack(0x00000037caf00000,0x00000037cb000000) (1024K)]
  0x000001c0c8f1a920 JavaThread "Unconstrained build operations Thread 91"        [_thread_blocked, id=27892, stack(0x00000037cb000000,0x00000037cb100000) (1024K)]
  0x000001c0c60c4140 JavaThread "Unconstrained build operations Thread 92"        [_thread_blocked, id=26336, stack(0x00000037cb100000,0x00000037cb200000) (1024K)]
  0x000001c0c8f1afb0 JavaThread "Unconstrained build operations Thread 93"        [_thread_blocked, id=13464, stack(0x00000037cb200000,0x00000037cb300000) (1024K)]
  0x000001c0c60c47d0 JavaThread "Unconstrained build operations Thread 94"        [_thread_blocked, id=13904, stack(0x00000037cb300000,0x00000037cb400000) (1024K)]
  0x000001c0c8268440 JavaThread "Unconstrained build operations Thread 95"        [_thread_blocked, id=23388, stack(0x00000037cb400000,0x00000037cb500000) (1024K)]
  0x000001c0c60c4e60 JavaThread "Unconstrained build operations Thread 96"        [_thread_blocked, id=4140, stack(0x00000037cb500000,0x00000037cb600000) (1024K)]
  0x000001c0c8268ad0 JavaThread "Unconstrained build operations Thread 97"        [_thread_blocked, id=29764, stack(0x00000037cb600000,0x00000037cb700000) (1024K)]
  0x000001c0c826aa10 JavaThread "Unconstrained build operations Thread 98"        [_thread_blocked, id=8924, stack(0x00000037cb700000,0x00000037cb800000) (1024K)]
  0x000001c0c8269160 JavaThread "Unconstrained build operations Thread 99"        [_thread_blocked, id=1552, stack(0x00000037cb800000,0x00000037cb900000) (1024K)]
  0x000001c0c826c450 JavaThread "Unconstrained build operations Thread 100"        [_thread_blocked, id=14604, stack(0x00000037cb900000,0x00000037cba00000) (1024K)]
  0x000001c0c8267db0 JavaThread "Unconstrained build operations Thread 101"        [_thread_blocked, id=29740, stack(0x00000037cba00000,0x00000037cbb00000) (1024K)]
  0x000001c0c8267720 JavaThread "Unconstrained build operations Thread 102"        [_thread_blocked, id=5136, stack(0x00000037cbb00000,0x00000037cbc00000) (1024K)]
  0x000001c0c826b0a0 JavaThread "Unconstrained build operations Thread 103"        [_thread_blocked, id=22084, stack(0x00000037cbc00000,0x00000037cbd00000) (1024K)]
  0x000001c0c82697f0 JavaThread "Unconstrained build operations Thread 104"        [_thread_blocked, id=10252, stack(0x00000037cbd00000,0x00000037cbe00000) (1024K)]
  0x000001c0c826d800 JavaThread "Unconstrained build operations Thread 105"        [_thread_blocked, id=26712, stack(0x00000037cbe00000,0x00000037cbf00000) (1024K)]
  0x000001c0c826cae0 JavaThread "Unconstrained build operations Thread 106"        [_thread_blocked, id=8964, stack(0x00000037cbf00000,0x00000037cc000000) (1024K)]
  0x000001c0c93dbcf0 JavaThread "Unconstrained build operations Thread 107"        [_thread_blocked, id=26264, stack(0x00000037cc000000,0x00000037cc100000) (1024K)]
  0x000001c0c7c49d50 JavaThread "Unconstrained build operations Thread 108"        [_thread_blocked, id=25144, stack(0x00000037cc100000,0x00000037cc200000) (1024K)]
  0x000001c0c93dc380 JavaThread "Unconstrained build operations Thread 109"        [_thread_blocked, id=17796, stack(0x00000037cc200000,0x00000037cc300000) (1024K)]
  0x000001c0c7c4a3e0 JavaThread "Unconstrained build operations Thread 110"        [_thread_blocked, id=19452, stack(0x00000037cc300000,0x00000037cc400000) (1024K)]
  0x000001c0c93dca10 JavaThread "Unconstrained build operations Thread 111"        [_thread_blocked, id=25964, stack(0x00000037cc400000,0x00000037cc500000) (1024K)]
  0x000001c0c93dd0a0 JavaThread "Unconstrained build operations Thread 112"        [_thread_blocked, id=2176, stack(0x00000037cc500000,0x00000037cc600000) (1024K)]
  0x000001c0c7c49030 JavaThread "Unconstrained build operations Thread 113"        [_thread_blocked, id=3764, stack(0x00000037cc600000,0x00000037cc700000) (1024K)]
  0x000001c0c7c4aa70 JavaThread "Unconstrained build operations Thread 114"        [_thread_blocked, id=7936, stack(0x00000037cc700000,0x00000037cc800000) (1024K)]
  0x000001c0c7faee20 JavaThread "Unconstrained build operations Thread 115"        [_thread_blocked, id=21508, stack(0x00000037cc800000,0x00000037cc900000) (1024K)]
  0x000001c0c7c4b100 JavaThread "Unconstrained build operations Thread 116"        [_thread_blocked, id=29332, stack(0x00000037cc900000,0x00000037cca00000) (1024K)]
  0x000001c0c7c4b790 JavaThread "Unconstrained build operations Thread 117"        [_thread_blocked, id=25340, stack(0x00000037cca00000,0x00000037ccb00000) (1024K)]
  0x000001c0c7c4be20 JavaThread "Unconstrained build operations Thread 118"        [_thread_blocked, id=19132, stack(0x00000037ccb00000,0x00000037ccc00000) (1024K)]
  0x000001c0c9741f00 JavaThread "Unconstrained build operations Thread 119"        [_thread_blocked, id=25932, stack(0x00000037ccc00000,0x00000037ccd00000) (1024K)]
  0x000001c0c9741870 JavaThread "Unconstrained build operations Thread 120"        [_thread_blocked, id=30244, stack(0x00000037ccd00000,0x00000037cce00000) (1024K)]
  0x000001c0c8e8c3c0 JavaThread "WorkerExecutor Queue"              [_thread_blocked, id=19348, stack(0x00000037cd000000,0x00000037cd100000) (1024K)]
  0x000001c0c797e7a0 JavaThread "RMI Scheduler(0)"           daemon [_thread_blocked, id=29596, stack(0x00000037c3600000,0x00000037c3700000) (1024K)]
  0x000001c0c7981c20 JavaThread "RMI GC Daemon"              daemon [_thread_blocked, id=21268, stack(0x00000037c3800000,0x00000037c3900000) (1024K)]
  0x000001c0c797ee30 JavaThread "RMI TCP Accept-0"           daemon [_thread_in_native, id=13616, stack(0x00000037cce00000,0x00000037ccf00000) (1024K)]
  0x000001c0c7981590 JavaThread "RMI Reaper"                        [_thread_blocked, id=22264, stack(0x00000037ccf00000,0x00000037cd000000) (1024K)]
  0x000001c0c7faf4b0 JavaThread "WorkerExecutor Queue Thread 2"        [_thread_blocked, id=8724, stack(0x00000037cd200000,0x00000037cd300000) (1024K)]
  0x000001c0c84275b0 JavaThread "jar transforms Thread 4"           [_thread_blocked, id=28368, stack(0x00000037cd800000,0x00000037cd900000) (1024K)]
  0x000001c0c61b0ea0 JavaThread "Cache worker for Build Output Cleanup Cache (C:\Users\kenne\Desktop\em-res\EM_DS\EARM\responder\node_modules\expo-dev-launcher\expo-dev-launcher-gradle-plugin\.gradle\buildOutputCleanup)"        [_thread_blocked, id=11956, stack(0x00000037cd900000,0x00000037cda00000) (1024K)]
  0x000001c0c9af92f0 JavaThread "Cache worker for Build Output Cleanup Cache (C:\Users\kenne\Desktop\em-res\EM_DS\EARM\responder\node_modules\expo-modules-core\expo-module-gradle-plugin\.gradle\buildOutputCleanup)"        [_thread_blocked, id=23580, stack(0x00000037cda00000,0x00000037cdb00000) (1024K)]
  0x000001c0c797f4c0 JavaThread "build event listener"              [_thread_blocked, id=3516, stack(0x00000037cdc00000,0x00000037cdd00000) (1024K)]
  0x000001c0c7fafb40 JavaThread "build event listener"              [_thread_blocked, id=30696, stack(0x00000037cdb00000,0x00000037cdc00000) (1024K)]
  0x000001c0c7fb0860 JavaThread "jar transforms Thread 5"           [_thread_blocked, id=25760, stack(0x00000037cdd00000,0x00000037cde00000) (1024K)]
  0x000001c0c6e83070 JavaThread "Cache worker for execution history cache (C:\Users\kenne\Desktop\em-res\EM_DS\EARM\responder\node_modules\expo-dev-launcher\expo-dev-launcher-gradle-plugin\.gradle\8.14.3\executionHistory)"        [_thread_blocked, id=26900, stack(0x00000037ce100000,0x00000037ce200000) (1024K)]
  0x000001c0c4a30da0 JavaThread "Cache worker for execution history cache (C:\Users\kenne\Desktop\em-res\EM_DS\EARM\responder\node_modules\expo-modules-core\expo-module-gradle-plugin\.gradle\8.14.3\executionHistory)"        [_thread_blocked, id=29932, stack(0x00000037ce200000,0x00000037ce300000) (1024K)]
  0x000001c0c79834d0 JavaThread "WorkerExecutor Queue Thread 3"        [_thread_blocked, id=27816, stack(0x00000037cd300000,0x00000037cd400000) (1024K)]
  0x000001c0c7426a80 JavaThread "WorkerExecutor Queue Thread 4"        [_thread_blocked, id=6232, stack(0x00000037cde00000,0x00000037cdf00000) (1024K)]
  0x000001c0c9af7f40 JavaThread "WorkerExecutor Queue Thread 5"        [_thread_blocked, id=27296, stack(0x00000037ce600000,0x00000037ce700000) (1024K)]
  0x000001c0c8427c40 JavaThread "jar transforms Thread 6"           [_thread_blocked, id=29804, stack(0x00000037c8e00000,0x00000037c8f00000) (1024K)]
  0x000001c0c7fb1580 JavaThread "Problems report writer"            [_thread_blocked, id=3320, stack(0x00000037c9100000,0x00000037c9200000) (1024K)]
  0x000001c0c6e83700 JavaThread "jar transforms Thread 7"           [_thread_blocked, id=7408, stack(0x00000037c9200000,0x00000037c9300000) (1024K)]
  0x000001c0c6e829e0 JavaThread "jar transforms Thread 8"           [_thread_blocked, id=20612, stack(0x00000037ce300000,0x00000037ce400000) (1024K)]
  0x000001c0c8267090 JavaThread "build event listener"              [_thread_blocked, id=29012, stack(0x00000037c8f00000,0x00000037c9000000) (1024K)]
  0x000001c0c8216580 JavaThread "jar transforms Thread 9"           [_thread_blocked, id=3876, stack(0x00000037c2f00000,0x00000037c3000000) (1024K)]
  0x000001c0c9af85d0 JavaThread "jar transforms Thread 10"          [_thread_blocked, id=19188, stack(0x00000037c3700000,0x00000037c3800000) (1024K)]
  0x000001c0cee502f0 JavaThread "jar transforms Thread 11"          [_thread_blocked, id=23620, stack(0x00000037c8a00000,0x00000037c8b00000) (1024K)]
  0x000001c0cee4f5d0 JavaThread "jar transforms Thread 12"          [_thread_blocked, id=7228, stack(0x00000037c8d00000,0x00000037c8e00000) (1024K)]
  0x000001c0c826d170 JavaThread "Exec process Thread 7"             [_thread_blocked, id=29476, stack(0x00000037c9300000,0x00000037c9400000) (1024K)]
  0x000001c0cf3b9540 JavaThread "Exec process Thread 8"             [_thread_blocked, id=25212, stack(0x00000037cd100000,0x00000037cd200000) (1024K)]
  0x000001c0cf3b7b00 JavaThread "Exec process Thread 9"             [_thread_blocked, id=19856, stack(0x00000037cd400000,0x00000037cd500000) (1024K)]
Total: 204

Other Threads:
  0x000001c0a2d86990 VMThread "VM Thread"                           [id=28784, stack(0x00000037c0b00000,0x00000037c0c00000) (1024K)]
  0x000001c0a2d7af80 WatcherThread "VM Periodic Task Thread"        [id=25112, stack(0x00000037c0a00000,0x00000037c0b00000) (1024K)]
  0x000001c08baaef00 WorkerThread "GC Thread#0"                     [id=26896, stack(0x00000037c0500000,0x00000037c0600000) (1024K)]
  0x000001c0a39fd320 WorkerThread "GC Thread#1"                     [id=28540, stack(0x00000037c1600000,0x00000037c1700000) (1024K)]
  0x000001c0a39fd6d0 WorkerThread "GC Thread#2"                     [id=19540, stack(0x00000037c1700000,0x00000037c1800000) (1024K)]
  0x000001c0a39fda80 WorkerThread "GC Thread#3"                     [id=8336, stack(0x00000037c1800000,0x00000037c1900000) (1024K)]
  0x000001c0a3a05010 WorkerThread "GC Thread#4"                     [id=25736, stack(0x00000037c1900000,0x00000037c1a00000) (1024K)]
  0x000001c0a3a053c0 WorkerThread "GC Thread#5"                     [id=10524, stack(0x00000037c1a00000,0x00000037c1b00000) (1024K)]
  0x000001c0c39c53f0 WorkerThread "GC Thread#6"                     [id=19448, stack(0x00000037c1c00000,0x00000037c1d00000) (1024K)]
  0x000001c0c39c5f00 WorkerThread "GC Thread#7"                     [id=26744, stack(0x00000037c1d00000,0x00000037c1e00000) (1024K)]
  0x000001c0c39c6dc0 WorkerThread "GC Thread#8"                     [id=26140, stack(0x00000037c1e00000,0x00000037c1f00000) (1024K)]
  0x000001c0c4491680 WorkerThread "GC Thread#9"                     [id=20448, stack(0x00000037c2a00000,0x00000037c2b00000) (1024K)]
  0x000001c08bac1620 ConcurrentGCThread "G1 Main Marker"            [id=9324, stack(0x00000037c0600000,0x00000037c0700000) (1024K)]
  0x000001c08bac3050 WorkerThread "G1 Conc#0"                       [id=29216, stack(0x00000037c0700000,0x00000037c0800000) (1024K)]
  0x000001c0c4493f10 WorkerThread "G1 Conc#1"                       [id=24752, stack(0x00000037c2b00000,0x00000037c2c00000) (1024K)]
  0x000001c0c4491a30 WorkerThread "G1 Conc#2"                       [id=14236, stack(0x00000037c2c00000,0x00000037c2d00000) (1024K)]
  0x000001c0a2cc6930 ConcurrentGCThread "G1 Refine#0"               [id=19244, stack(0x00000037c0800000,0x00000037c0900000) (1024K)]
  0x000001c0a2cc7160 ConcurrentGCThread "G1 Service"                [id=24584, stack(0x00000037c0900000,0x00000037c0a00000) (1024K)]
Total: 18

Threads with active compile tasks:
C2 CompilerThread0  354616 21594       4       org.gradle.api.internal.artifacts.ModuleComponentSelectorSerializer::read (50 bytes)
Total: 1

VM state: not at safepoint (normal execution)

VM Mutex/Monitor currently owned by a thread: None

Heap address: 0x0000000080000000, size: 2048 MB, Compressed Oops mode: 32-bit

CDS archive(s) mapped at: [0x000001c0a4000000-0x000001c0a4ba0000-0x000001c0a4ba0000), size 12189696, SharedBaseAddress: 0x000001c0a4000000, ArchiveRelocationMode: 1.
Compressed class space mapped at: 0x000001c0a5000000-0x000001c0bf000000, reserved size: 436207616
Narrow klass base: 0x000001c0a4000000, Narrow klass shift: 0, Narrow klass range: 0x100000000

GC Precious Log:
 CardTable entry size: 512
 Card Set container configuration: InlinePtr #cards 5 size 8 Array Of Cards #cards 12 size 40 Howl #buckets 4 coarsen threshold 1843 Howl Bitmap #cards 512 size 80 coarsen threshold 460 Card regions per heap region 1 cards per card region 2048
 CPUs: 12 total, 12 available
 Memory: 16088M
 Large Page Support: Disabled
 NUMA Support: Disabled
 Compressed Oops: Enabled (32-bit)
 Heap Region Size: 1M
 Heap Min Capacity: 8M
 Heap Initial Capacity: 252M
 Heap Max Capacity: 2G
 Pre-touch: Disabled
 Parallel Workers: 10
 Concurrent Workers: 3
 Concurrent Refinement Workers: 10
 Periodic GC: Disabled

Heap:
 garbage-first heap   total 414720K, used 285100K [0x0000000080000000, 0x0000000100000000)
  region size 1024K, 33 young (33792K), 12 survivors (12288K)
 Metaspace       used 134824K, committed 138176K, reserved 557056K
  class space    used 19142K, committed 20736K, reserved 425984K

Heap Regions: E=young(eden), S=young(survivor), O=old, HS=humongous(starts), HC=humongous(continues), CS=collection set, F=free, TAMS=top-at-mark-start, PB=parsable bottom
|   0|0x0000000080000000, 0x0000000080100000, 0x0000000080100000|100%|HS|  |TAMS 0x0000000080000000| PB 0x0000000080000000| Complete 
|   1|0x0000000080100000, 0x0000000080200000, 0x0000000080200000|100%|HC|  |TAMS 0x0000000080100000| PB 0x0000000080100000| Complete 
|   2|0x0000000080200000, 0x0000000080300000, 0x0000000080300000|100%|HC|  |TAMS 0x0000000080200000| PB 0x0000000080200000| Complete 
|   3|0x0000000080300000, 0x0000000080400000, 0x0000000080400000|100%| O|  |TAMS 0x0000000080300000| PB 0x0000000080300000| Untracked 
|   4|0x0000000080400000, 0x0000000080500000, 0x0000000080500000|100%| O|  |TAMS 0x0000000080400000| PB 0x0000000080400000| Untracked 
|   5|0x0000000080500000, 0x0000000080600000, 0x0000000080600000|100%| O|  |TAMS 0x0000000080500000| PB 0x0000000080500000| Untracked 
|   6|0x0000000080600000, 0x0000000080700000, 0x0000000080700000|100%|HS|  |TAMS 0x0000000080600000| PB 0x0000000080600000| Complete 
|   7|0x0000000080700000, 0x0000000080800000, 0x0000000080800000|100%| O|  |TAMS 0x0000000080700000| PB 0x0000000080700000| Untracked 
|   8|0x0000000080800000, 0x0000000080900000, 0x0000000080900000|100%| O|  |TAMS 0x0000000080800000| PB 0x0000000080800000| Untracked 
|   9|0x0000000080900000, 0x0000000080a00000, 0x0000000080a00000|100%| O|  |TAMS 0x0000000080900000| PB 0x0000000080900000| Untracked 
|  10|0x0000000080a00000, 0x0000000080b00000, 0x0000000080b00000|100%| O|  |TAMS 0x0000000080a00000| PB 0x0000000080a00000| Untracked 
|  11|0x0000000080b00000, 0x0000000080c00000, 0x0000000080c00000|100%| O|  |TAMS 0x0000000080b00000| PB 0x0000000080b00000| Untracked 
|  12|0x0000000080c00000, 0x0000000080d00000, 0x0000000080d00000|100%| O|  |TAMS 0x0000000080c00000| PB 0x0000000080c00000| Untracked 
|  13|0x0000000080d00000, 0x0000000080e00000, 0x0000000080e00000|100%| O|  |TAMS 0x0000000080d00000| PB 0x0000000080d00000| Untracked 
|  14|0x0000000080e00000, 0x0000000080f00000, 0x0000000080f00000|100%| O|  |TAMS 0x0000000080e00000| PB 0x0000000080e00000| Untracked 
|  15|0x0000000080f00000, 0x0000000081000000, 0x0000000081000000|100%| O|  |TAMS 0x0000000080f00000| PB 0x0000000080f00000| Untracked 
|  16|0x0000000081000000, 0x0000000081100000, 0x0000000081100000|100%| O|  |TAMS 0x0000000081000000| PB 0x0000000081000000| Untracked 
|  17|0x0000000081100000, 0x0000000081200000, 0x0000000081200000|100%| O|  |TAMS 0x0000000081100000| PB 0x0000000081100000| Untracked 
|  18|0x0000000081200000, 0x0000000081300000, 0x0000000081300000|100%| O|  |TAMS 0x0000000081200000| PB 0x0000000081200000| Untracked 
|  19|0x0000000081300000, 0x0000000081400000, 0x0000000081400000|100%| O|  |TAMS 0x0000000081300000| PB 0x0000000081300000| Untracked 
|  20|0x0000000081400000, 0x0000000081500000, 0x0000000081500000|100%| O|  |TAMS 0x0000000081400000| PB 0x0000000081400000| Untracked 
|  21|0x0000000081500000, 0x0000000081600000, 0x0000000081600000|100%| O|  |TAMS 0x0000000081500000| PB 0x0000000081500000| Untracked 
|  22|0x0000000081600000, 0x0000000081700000, 0x0000000081700000|100%| O|  |TAMS 0x0000000081600000| PB 0x0000000081600000| Untracked 
|  23|0x0000000081700000, 0x0000000081800000, 0x0000000081800000|100%| O|  |TAMS 0x0000000081700000| PB 0x0000000081700000| Untracked 
|  24|0x0000000081800000, 0x0000000081900000, 0x0000000081900000|100%| O|  |TAMS 0x0000000081800000| PB 0x0000000081800000| Untracked 
|  25|0x0000000081900000, 0x0000000081a00000, 0x0000000081a00000|100%| O|  |TAMS 0x0000000081900000| PB 0x0000000081900000| Untracked 
|  26|0x0000000081a00000, 0x0000000081b00000, 0x0000000081b00000|100%| O|  |TAMS 0x0000000081a00000| PB 0x0000000081a00000| Untracked 
|  27|0x0000000081b00000, 0x0000000081c00000, 0x0000000081c00000|100%| O|  |TAMS 0x0000000081b00000| PB 0x0000000081b00000| Untracked 
|  28|0x0000000081c00000, 0x0000000081d00000, 0x0000000081d00000|100%| O|  |TAMS 0x0000000081c00000| PB 0x0000000081c00000| Untracked 
|  29|0x0000000081d00000, 0x0000000081e00000, 0x0000000081e00000|100%| O|  |TAMS 0x0000000081d00000| PB 0x0000000081d00000| Untracked 
|  30|0x0000000081e00000, 0x0000000081f00000, 0x0000000081f00000|100%| O|  |TAMS 0x0000000081e00000| PB 0x0000000081e00000| Untracked 
|  31|0x0000000081f00000, 0x0000000082000000, 0x0000000082000000|100%| O|  |TAMS 0x0000000081f00000| PB 0x0000000081f00000| Untracked 
|  32|0x0000000082000000, 0x0000000082100000, 0x0000000082100000|100%| O|  |TAMS 0x0000000082000000| PB 0x0000000082000000| Untracked 
|  33|0x0000000082100000, 0x0000000082200000, 0x0000000082200000|100%| O|  |TAMS 0x0000000082100000| PB 0x0000000082100000| Untracked 
|  34|0x0000000082200000, 0x0000000082300000, 0x0000000082300000|100%| O|  |TAMS 0x0000000082200000| PB 0x0000000082200000| Untracked 
|  35|0x0000000082300000, 0x0000000082400000, 0x0000000082400000|100%| O|  |TAMS 0x0000000082300000| PB 0x0000000082300000| Untracked 
|  36|0x0000000082400000, 0x0000000082500000, 0x0000000082500000|100%| O|  |TAMS 0x0000000082400000| PB 0x0000000082400000| Untracked 
|  37|0x0000000082500000, 0x0000000082600000, 0x0000000082600000|100%| O|  |TAMS 0x0000000082500000| PB 0x0000000082500000| Untracked 
|  38|0x0000000082600000, 0x0000000082700000, 0x0000000082700000|100%| O|  |TAMS 0x0000000082600000| PB 0x0000000082600000| Untracked 
|  39|0x0000000082700000, 0x0000000082800000, 0x0000000082800000|100%| O|  |TAMS 0x0000000082700000| PB 0x0000000082700000| Untracked 
|  40|0x0000000082800000, 0x0000000082900000, 0x0000000082900000|100%| O|  |TAMS 0x0000000082800000| PB 0x0000000082800000| Untracked 
|  41|0x0000000082900000, 0x0000000082a00000, 0x0000000082a00000|100%| O|  |TAMS 0x0000000082900000| PB 0x0000000082900000| Untracked 
|  42|0x0000000082a00000, 0x0000000082b00000, 0x0000000082b00000|100%| O|  |TAMS 0x0000000082a00000| PB 0x0000000082a00000| Untracked 
|  43|0x0000000082b00000, 0x0000000082c00000, 0x0000000082c00000|100%| O|  |TAMS 0x0000000082b00000| PB 0x0000000082b00000| Untracked 
|  44|0x0000000082c00000, 0x0000000082d00000, 0x0000000082d00000|100%| O|  |TAMS 0x0000000082c00000| PB 0x0000000082c00000| Untracked 
|  45|0x0000000082d00000, 0x0000000082e00000, 0x0000000082e00000|100%| O|  |TAMS 0x0000000082d00000| PB 0x0000000082d00000| Untracked 
|  46|0x0000000082e00000, 0x0000000082f00000, 0x0000000082f00000|100%| O|  |TAMS 0x0000000082e00000| PB 0x0000000082e00000| Untracked 
|  47|0x0000000082f00000, 0x0000000083000000, 0x0000000083000000|100%| O|  |TAMS 0x0000000082f00000| PB 0x0000000082f00000| Untracked 
|  48|0x0000000083000000, 0x0000000083100000, 0x0000000083100000|100%| O|  |TAMS 0x0000000083000000| PB 0x0000000083000000| Untracked 
|  49|0x0000000083100000, 0x0000000083200000, 0x0000000083200000|100%| O|  |TAMS 0x0000000083100000| PB 0x0000000083100000| Untracked 
|  50|0x0000000083200000, 0x0000000083300000, 0x0000000083300000|100%| O|  |TAMS 0x0000000083200000| PB 0x0000000083200000| Untracked 
|  51|0x0000000083300000, 0x0000000083400000, 0x0000000083400000|100%| O|  |TAMS 0x0000000083300000| PB 0x0000000083300000| Untracked 
|  52|0x0000000083400000, 0x0000000083500000, 0x0000000083500000|100%|HS|  |TAMS 0x0000000083400000| PB 0x0000000083400000| Complete 
|  53|0x0000000083500000, 0x0000000083600000, 0x0000000083600000|100%|HC|  |TAMS 0x0000000083500000| PB 0x0000000083500000| Complete 
|  54|0x0000000083600000, 0x0000000083700000, 0x0000000083700000|100%|HC|  |TAMS 0x0000000083600000| PB 0x0000000083600000| Complete 
|  55|0x0000000083700000, 0x0000000083800000, 0x0000000083800000|100%| O|  |TAMS 0x0000000083700000| PB 0x0000000083700000| Untracked 
|  56|0x0000000083800000, 0x0000000083900000, 0x0000000083900000|100%| O|  |TAMS 0x0000000083800000| PB 0x0000000083800000| Untracked 
|  57|0x0000000083900000, 0x0000000083a00000, 0x0000000083a00000|100%| O|  |TAMS 0x0000000083900000| PB 0x0000000083900000| Untracked 
|  58|0x0000000083a00000, 0x0000000083b00000, 0x0000000083b00000|100%|HS|  |TAMS 0x0000000083a00000| PB 0x0000000083a00000| Complete 
|  59|0x0000000083b00000, 0x0000000083c00000, 0x0000000083c00000|100%|HC|  |TAMS 0x0000000083b00000| PB 0x0000000083b00000| Complete 
|  60|0x0000000083c00000, 0x0000000083d00000, 0x0000000083d00000|100%|HC|  |TAMS 0x0000000083c00000| PB 0x0000000083c00000| Complete 
|  61|0x0000000083d00000, 0x0000000083e00000, 0x0000000083e00000|100%| O|  |TAMS 0x0000000083d00000| PB 0x0000000083d00000| Untracked 
|  62|0x0000000083e00000, 0x0000000083f00000, 0x0000000083f00000|100%| O|  |TAMS 0x0000000083e00000| PB 0x0000000083e00000| Untracked 
|  63|0x0000000083f00000, 0x0000000084000000, 0x0000000084000000|100%| O|  |TAMS 0x0000000083f00000| PB 0x0000000083f00000| Untracked 
|  64|0x0000000084000000, 0x0000000084100000, 0x0000000084100000|100%| O|  |TAMS 0x0000000084000000| PB 0x0000000084000000| Untracked 
|  65|0x0000000084100000, 0x0000000084200000, 0x0000000084200000|100%| O|  |TAMS 0x0000000084100000| PB 0x0000000084100000| Untracked 
|  66|0x0000000084200000, 0x0000000084300000, 0x0000000084300000|100%| O|  |TAMS 0x0000000084200000| PB 0x0000000084200000| Untracked 
|  67|0x0000000084300000, 0x0000000084400000, 0x0000000084400000|100%| O|  |TAMS 0x0000000084300000| PB 0x0000000084300000| Untracked 
|  68|0x0000000084400000, 0x0000000084500000, 0x0000000084500000|100%| O|  |TAMS 0x0000000084400000| PB 0x0000000084400000| Untracked 
|  69|0x0000000084500000, 0x0000000084600000, 0x0000000084600000|100%| O|  |TAMS 0x0000000084500000| PB 0x0000000084500000| Untracked 
|  70|0x0000000084600000, 0x0000000084700000, 0x0000000084700000|100%| O|  |TAMS 0x0000000084600000| PB 0x0000000084600000| Untracked 
|  71|0x0000000084700000, 0x0000000084800000, 0x0000000084800000|100%| O|  |TAMS 0x0000000084700000| PB 0x0000000084700000| Untracked 
|  72|0x0000000084800000, 0x0000000084900000, 0x0000000084900000|100%|HS|  |TAMS 0x0000000084800000| PB 0x0000000084800000| Complete 
|  73|0x0000000084900000, 0x0000000084a00000, 0x0000000084a00000|100%| O|  |TAMS 0x0000000084900000| PB 0x0000000084900000| Untracked 
|  74|0x0000000084a00000, 0x0000000084b00000, 0x0000000084b00000|100%| O|  |TAMS 0x0000000084a00000| PB 0x0000000084a00000| Untracked 
|  75|0x0000000084b00000, 0x0000000084c00000, 0x0000000084c00000|100%|HS|  |TAMS 0x0000000084b00000| PB 0x0000000084b00000| Complete 
|  76|0x0000000084c00000, 0x0000000084d00000, 0x0000000084d00000|100%| O|  |TAMS 0x0000000084c00000| PB 0x0000000084c00000| Untracked 
|  77|0x0000000084d00000, 0x0000000084e00000, 0x0000000084e00000|100%| O|  |TAMS 0x0000000084d00000| PB 0x0000000084d00000| Untracked 
|  78|0x0000000084e00000, 0x0000000084f00000, 0x0000000084f00000|100%| O|  |TAMS 0x0000000084e00000| PB 0x0000000084e00000| Untracked 
|  79|0x0000000084f00000, 0x0000000085000000, 0x0000000085000000|100%| O|  |TAMS 0x0000000084f00000| PB 0x0000000084f00000| Untracked 
|  80|0x0000000085000000, 0x0000000085100000, 0x0000000085100000|100%|HS|  |TAMS 0x0000000085000000| PB 0x0000000085000000| Complete 
|  81|0x0000000085100000, 0x0000000085200000, 0x0000000085200000|100%| O|  |TAMS 0x0000000085100000| PB 0x0000000085100000| Untracked 
|  82|0x0000000085200000, 0x0000000085300000, 0x0000000085300000|100%| O|  |TAMS 0x0000000085200000| PB 0x0000000085200000| Untracked 
|  83|0x0000000085300000, 0x0000000085400000, 0x0000000085400000|100%| O|  |TAMS 0x0000000085300000| PB 0x0000000085300000| Untracked 
|  84|0x0000000085400000, 0x0000000085500000, 0x0000000085500000|100%| O|  |TAMS 0x0000000085400000| PB 0x0000000085400000| Untracked 
|  85|0x0000000085500000, 0x0000000085600000, 0x0000000085600000|100%| O|  |TAMS 0x0000000085500000| PB 0x0000000085500000| Untracked 
|  86|0x0000000085600000, 0x0000000085700000, 0x0000000085700000|100%| O|  |TAMS 0x0000000085600000| PB 0x0000000085600000| Untracked 
|  87|0x0000000085700000, 0x0000000085800000, 0x0000000085800000|100%| O|  |TAMS 0x0000000085700000| PB 0x0000000085700000| Untracked 
|  88|0x0000000085800000, 0x0000000085900000, 0x0000000085900000|100%| O|  |TAMS 0x0000000085800000| PB 0x0000000085800000| Untracked 
|  89|0x0000000085900000, 0x0000000085a00000, 0x0000000085a00000|100%| O|  |TAMS 0x0000000085900000| PB 0x0000000085900000| Untracked 
|  90|0x0000000085a00000, 0x0000000085b00000, 0x0000000085b00000|100%| O|  |TAMS 0x0000000085a00000| PB 0x0000000085a00000| Untracked 
|  91|0x0000000085b00000, 0x0000000085c00000, 0x0000000085c00000|100%| O|  |TAMS 0x0000000085b00000| PB 0x0000000085b00000| Untracked 
|  92|0x0000000085c00000, 0x0000000085d00000, 0x0000000085d00000|100%| O|  |TAMS 0x0000000085c00000| PB 0x0000000085c00000| Untracked 
|  93|0x0000000085d00000, 0x0000000085e00000, 0x0000000085e00000|100%| O|  |TAMS 0x0000000085d00000| PB 0x0000000085d00000| Untracked 
|  94|0x0000000085e00000, 0x0000000085f00000, 0x0000000085f00000|100%| O|  |TAMS 0x0000000085e00000| PB 0x0000000085e00000| Untracked 
|  95|0x0000000085f00000, 0x0000000086000000, 0x0000000086000000|100%| O|  |TAMS 0x0000000085f00000| PB 0x0000000085f00000| Untracked 
|  96|0x0000000086000000, 0x0000000086100000, 0x0000000086100000|100%| O|  |TAMS 0x0000000086000000| PB 0x0000000086000000| Untracked 
|  97|0x0000000086100000, 0x0000000086200000, 0x0000000086200000|100%| O|  |TAMS 0x0000000086100000| PB 0x0000000086100000| Untracked 
|  98|0x0000000086200000, 0x0000000086300000, 0x0000000086300000|100%|HS|  |TAMS 0x0000000086200000| PB 0x0000000086200000| Complete 
|  99|0x0000000086300000, 0x0000000086400000, 0x0000000086400000|100%|HS|  |TAMS 0x0000000086300000| PB 0x0000000086300000| Complete 
| 100|0x0000000086400000, 0x0000000086500000, 0x0000000086500000|100%| O|  |TAMS 0x0000000086400000| PB 0x0000000086400000| Untracked 
| 101|0x0000000086500000, 0x0000000086600000, 0x0000000086600000|100%| O|  |TAMS 0x0000000086500000| PB 0x0000000086500000| Untracked 
| 102|0x0000000086600000, 0x0000000086700000, 0x0000000086700000|100%| O|  |TAMS 0x0000000086600000| PB 0x0000000086600000| Untracked 
| 103|0x0000000086700000, 0x0000000086800000, 0x0000000086800000|100%| O|  |TAMS 0x0000000086700000| PB 0x0000000086700000| Untracked 
| 104|0x0000000086800000, 0x0000000086900000, 0x0000000086900000|100%| O|  |TAMS 0x0000000086800000| PB 0x0000000086800000| Untracked 
| 105|0x0000000086900000, 0x0000000086a00000, 0x0000000086a00000|100%| O|  |TAMS 0x0000000086900000| PB 0x0000000086900000| Untracked 
| 106|0x0000000086a00000, 0x0000000086b00000, 0x0000000086b00000|100%| O|  |TAMS 0x0000000086a00000| PB 0x0000000086a00000| Untracked 
| 107|0x0000000086b00000, 0x0000000086c00000, 0x0000000086c00000|100%| O|  |TAMS 0x0000000086b00000| PB 0x0000000086b00000| Untracked 
| 108|0x0000000086c00000, 0x0000000086d00000, 0x0000000086d00000|100%| O|  |TAMS 0x0000000086c00000| PB 0x0000000086c00000| Untracked 
| 109|0x0000000086d00000, 0x0000000086e00000, 0x0000000086e00000|100%| O|  |TAMS 0x0000000086d00000| PB 0x0000000086d00000| Untracked 
| 110|0x0000000086e00000, 0x0000000086f00000, 0x0000000086f00000|100%| O|  |TAMS 0x0000000086e00000| PB 0x0000000086e00000| Untracked 
| 111|0x0000000086f00000, 0x0000000087000000, 0x0000000087000000|100%| O|  |TAMS 0x0000000086f00000| PB 0x0000000086f00000| Untracked 
| 112|0x0000000087000000, 0x0000000087100000, 0x0000000087100000|100%| O|  |TAMS 0x0000000087000000| PB 0x0000000087000000| Untracked 
| 113|0x0000000087100000, 0x0000000087200000, 0x0000000087200000|100%| O|  |TAMS 0x0000000087100000| PB 0x0000000087100000| Untracked 
| 114|0x0000000087200000, 0x0000000087300000, 0x0000000087300000|100%| O|  |TAMS 0x0000000087200000| PB 0x0000000087200000| Untracked 
| 115|0x0000000087300000, 0x0000000087400000, 0x0000000087400000|100%| O|  |TAMS 0x0000000087300000| PB 0x0000000087300000| Untracked 
| 116|0x0000000087400000, 0x0000000087500000, 0x0000000087500000|100%|HS|  |TAMS 0x0000000087400000| PB 0x0000000087400000| Complete 
| 117|0x0000000087500000, 0x0000000087600000, 0x0000000087600000|100%|HS|  |TAMS 0x0000000087500000| PB 0x0000000087500000| Complete 
| 118|0x0000000087600000, 0x0000000087700000, 0x0000000087700000|100%| O|  |TAMS 0x0000000087600000| PB 0x0000000087600000| Untracked 
| 119|0x0000000087700000, 0x0000000087800000, 0x0000000087800000|100%| O|  |TAMS 0x0000000087700000| PB 0x0000000087700000| Untracked 
| 120|0x0000000087800000, 0x0000000087900000, 0x0000000087900000|100%| O|  |TAMS 0x0000000087800000| PB 0x0000000087800000| Untracked 
| 121|0x0000000087900000, 0x0000000087a00000, 0x0000000087a00000|100%| O|  |TAMS 0x0000000087900000| PB 0x0000000087900000| Untracked 
| 122|0x0000000087a00000, 0x0000000087b00000, 0x0000000087b00000|100%| O|  |TAMS 0x0000000087a00000| PB 0x0000000087a00000| Untracked 
| 123|0x0000000087b00000, 0x0000000087c00000, 0x0000000087c00000|100%| O|  |TAMS 0x0000000087b00000| PB 0x0000000087b00000| Untracked 
| 124|0x0000000087c00000, 0x0000000087d00000, 0x0000000087d00000|100%| O|  |TAMS 0x0000000087c00000| PB 0x0000000087c00000| Untracked 
| 125|0x0000000087d00000, 0x0000000087e00000, 0x0000000087e00000|100%| O|  |TAMS 0x0000000087d00000| PB 0x0000000087d00000| Untracked 
| 126|0x0000000087e00000, 0x0000000087f00000, 0x0000000087f00000|100%| O|  |TAMS 0x0000000087e00000| PB 0x0000000087e00000| Untracked 
| 127|0x0000000087f00000, 0x0000000088000000, 0x0000000088000000|100%| O|  |TAMS 0x0000000087f00000| PB 0x0000000087f00000| Untracked 
| 128|0x0000000088000000, 0x0000000088100000, 0x0000000088100000|100%|HS|  |TAMS 0x0000000088000000| PB 0x0000000088000000| Complete 
| 129|0x0000000088100000, 0x0000000088200000, 0x0000000088200000|100%|HC|  |TAMS 0x0000000088100000| PB 0x0000000088100000| Complete 
| 130|0x0000000088200000, 0x0000000088300000, 0x0000000088300000|100%|HC|  |TAMS 0x0000000088200000| PB 0x0000000088200000| Complete 
| 131|0x0000000088300000, 0x0000000088400000, 0x0000000088400000|100%| O|  |TAMS 0x0000000088300000| PB 0x0000000088300000| Untracked 
| 132|0x0000000088400000, 0x0000000088500000, 0x0000000088500000|100%| O|  |TAMS 0x0000000088400000| PB 0x0000000088400000| Untracked 
| 133|0x0000000088500000, 0x0000000088600000, 0x0000000088600000|100%| O|  |TAMS 0x0000000088500000| PB 0x0000000088500000| Untracked 
| 134|0x0000000088600000, 0x0000000088700000, 0x0000000088700000|100%| O|  |TAMS 0x0000000088600000| PB 0x0000000088600000| Untracked 
| 135|0x0000000088700000, 0x0000000088800000, 0x0000000088800000|100%| O|  |TAMS 0x0000000088700000| PB 0x0000000088700000| Untracked 
| 136|0x0000000088800000, 0x0000000088900000, 0x0000000088900000|100%| O|  |TAMS 0x0000000088800000| PB 0x0000000088800000| Untracked 
| 137|0x0000000088900000, 0x0000000088a00000, 0x0000000088a00000|100%| O|  |TAMS 0x0000000088900000| PB 0x0000000088900000| Untracked 
| 138|0x0000000088a00000, 0x0000000088b00000, 0x0000000088b00000|100%| O|  |TAMS 0x0000000088a00000| PB 0x0000000088a00000| Untracked 
| 139|0x0000000088b00000, 0x0000000088c00000, 0x0000000088c00000|100%| O|  |TAMS 0x0000000088b00000| PB 0x0000000088b00000| Untracked 
| 140|0x0000000088c00000, 0x0000000088d00000, 0x0000000088d00000|100%| O|  |TAMS 0x0000000088c00000| PB 0x0000000088c00000| Untracked 
| 141|0x0000000088d00000, 0x0000000088e00000, 0x0000000088e00000|100%| O|  |TAMS 0x0000000088d00000| PB 0x0000000088d00000| Untracked 
| 142|0x0000000088e00000, 0x0000000088f00000, 0x0000000088f00000|100%| O|  |TAMS 0x0000000088e00000| PB 0x0000000088e00000| Untracked 
| 143|0x0000000088f00000, 0x0000000089000000, 0x0000000089000000|100%| O|  |TAMS 0x0000000088f00000| PB 0x0000000088f00000| Untracked 
| 144|0x0000000089000000, 0x0000000089100000, 0x0000000089100000|100%| O|  |TAMS 0x0000000089000000| PB 0x0000000089000000| Untracked 
| 145|0x0000000089100000, 0x0000000089200000, 0x0000000089200000|100%| O|  |TAMS 0x0000000089100000| PB 0x0000000089100000| Untracked 
| 146|0x0000000089200000, 0x0000000089300000, 0x0000000089300000|100%| O|  |TAMS 0x0000000089200000| PB 0x0000000089200000| Untracked 
| 147|0x0000000089300000, 0x0000000089400000, 0x0000000089400000|100%| O|  |TAMS 0x0000000089300000| PB 0x0000000089300000| Untracked 
| 148|0x0000000089400000, 0x0000000089500000, 0x0000000089500000|100%| O|  |TAMS 0x0000000089400000| PB 0x0000000089400000| Untracked 
| 149|0x0000000089500000, 0x0000000089600000, 0x0000000089600000|100%| O|  |TAMS 0x0000000089500000| PB 0x0000000089500000| Untracked 
| 150|0x0000000089600000, 0x0000000089700000, 0x0000000089700000|100%| O|  |TAMS 0x0000000089600000| PB 0x0000000089600000| Untracked 
| 151|0x0000000089700000, 0x0000000089800000, 0x0000000089800000|100%| O|  |TAMS 0x0000000089700000| PB 0x0000000089700000| Untracked 
| 152|0x0000000089800000, 0x0000000089900000, 0x0000000089900000|100%| O|  |TAMS 0x0000000089800000| PB 0x0000000089800000| Untracked 
| 153|0x0000000089900000, 0x0000000089a00000, 0x0000000089a00000|100%| O|  |TAMS 0x0000000089900000| PB 0x0000000089900000| Untracked 
| 154|0x0000000089a00000, 0x0000000089b00000, 0x0000000089b00000|100%| O|  |TAMS 0x0000000089a00000| PB 0x0000000089a00000| Untracked 
| 155|0x0000000089b00000, 0x0000000089c00000, 0x0000000089c00000|100%| O|  |TAMS 0x0000000089b00000| PB 0x0000000089b00000| Untracked 
| 156|0x0000000089c00000, 0x0000000089d00000, 0x0000000089d00000|100%| O|  |TAMS 0x0000000089c00000| PB 0x0000000089c00000| Untracked 
| 157|0x0000000089d00000, 0x0000000089e00000, 0x0000000089e00000|100%| O|  |TAMS 0x0000000089d00000| PB 0x0000000089d00000| Untracked 
| 158|0x0000000089e00000, 0x0000000089f00000, 0x0000000089f00000|100%| O|  |TAMS 0x0000000089e00000| PB 0x0000000089e00000| Untracked 
| 159|0x0000000089f00000, 0x000000008a000000, 0x000000008a000000|100%| O|  |TAMS 0x0000000089f00000| PB 0x0000000089f00000| Untracked 
| 160|0x000000008a000000, 0x000000008a100000, 0x000000008a100000|100%| O|  |TAMS 0x000000008a000000| PB 0x000000008a000000| Untracked 
| 161|0x000000008a100000, 0x000000008a200000, 0x000000008a200000|100%| O|  |TAMS 0x000000008a100000| PB 0x000000008a100000| Untracked 
| 162|0x000000008a200000, 0x000000008a300000, 0x000000008a300000|100%| O|  |TAMS 0x000000008a200000| PB 0x000000008a200000| Untracked 
| 163|0x000000008a300000, 0x000000008a400000, 0x000000008a400000|100%| O|  |TAMS 0x000000008a300000| PB 0x000000008a300000| Untracked 
| 164|0x000000008a400000, 0x000000008a500000, 0x000000008a500000|100%| O|Cm|TAMS 0x000000008a400000| PB 0x000000008a400000| Complete 
| 165|0x000000008a500000, 0x000000008a600000, 0x000000008a600000|100%| O|  |TAMS 0x000000008a500000| PB 0x000000008a500000| Untracked 
| 166|0x000000008a600000, 0x000000008a700000, 0x000000008a700000|100%| O|  |TAMS 0x000000008a600000| PB 0x000000008a600000| Untracked 
| 167|0x000000008a700000, 0x000000008a800000, 0x000000008a800000|100%| O|  |TAMS 0x000000008a700000| PB 0x000000008a700000| Untracked 
| 168|0x000000008a800000, 0x000000008a900000, 0x000000008a900000|100%| O|  |TAMS 0x000000008a800000| PB 0x000000008a800000| Untracked 
| 169|0x000000008a900000, 0x000000008aa00000, 0x000000008aa00000|100%| O|  |TAMS 0x000000008a900000| PB 0x000000008a900000| Untracked 
| 170|0x000000008aa00000, 0x000000008ab00000, 0x000000008ab00000|100%| O|  |TAMS 0x000000008aa00000| PB 0x000000008aa00000| Untracked 
| 171|0x000000008ab00000, 0x000000008ac00000, 0x000000008ac00000|100%| O|  |TAMS 0x000000008ab00000| PB 0x000000008ab00000| Untracked 
| 172|0x000000008ac00000, 0x000000008ad00000, 0x000000008ad00000|100%| O|  |TAMS 0x000000008ac00000| PB 0x000000008ac00000| Untracked 
| 173|0x000000008ad00000, 0x000000008ae00000, 0x000000008ae00000|100%| O|  |TAMS 0x000000008ad00000| PB 0x000000008ad00000| Untracked 
| 174|0x000000008ae00000, 0x000000008af00000, 0x000000008af00000|100%| O|  |TAMS 0x000000008ae00000| PB 0x000000008ae00000| Untracked 
| 175|0x000000008af00000, 0x000000008b000000, 0x000000008b000000|100%| O|  |TAMS 0x000000008af00000| PB 0x000000008af00000| Untracked 
| 176|0x000000008b000000, 0x000000008b100000, 0x000000008b100000|100%| O|  |TAMS 0x000000008b000000| PB 0x000000008b000000| Untracked 
| 177|0x000000008b100000, 0x000000008b200000, 0x000000008b200000|100%| O|Cm|TAMS 0x000000008b100000| PB 0x000000008b100000| Complete 
| 178|0x000000008b200000, 0x000000008b300000, 0x000000008b300000|100%| O|  |TAMS 0x000000008b200000| PB 0x000000008b200000| Untracked 
| 179|0x000000008b300000, 0x000000008b400000, 0x000000008b400000|100%| O|  |TAMS 0x000000008b300000| PB 0x000000008b300000| Untracked 
| 180|0x000000008b400000, 0x000000008b500000, 0x000000008b500000|100%| O|  |TAMS 0x000000008b400000| PB 0x000000008b400000| Untracked 
| 181|0x000000008b500000, 0x000000008b600000, 0x000000008b600000|100%| O|  |TAMS 0x000000008b500000| PB 0x000000008b500000| Untracked 
| 182|0x000000008b600000, 0x000000008b700000, 0x000000008b700000|100%| O|  |TAMS 0x000000008b600000| PB 0x000000008b600000| Untracked 
| 183|0x000000008b700000, 0x000000008b800000, 0x000000008b800000|100%| O|  |TAMS 0x000000008b700000| PB 0x000000008b700000| Untracked 
| 184|0x000000008b800000, 0x000000008b900000, 0x000000008b900000|100%| O|  |TAMS 0x000000008b800000| PB 0x000000008b800000| Untracked 
| 185|0x000000008b900000, 0x000000008ba00000, 0x000000008ba00000|100%| O|Cm|TAMS 0x000000008b900000| PB 0x000000008b900000| Complete 
| 186|0x000000008ba00000, 0x000000008bb00000, 0x000000008bb00000|100%| O|  |TAMS 0x000000008ba00000| PB 0x000000008ba00000| Untracked 
| 187|0x000000008bb00000, 0x000000008bc00000, 0x000000008bc00000|100%| O|  |TAMS 0x000000008bb00000| PB 0x000000008bb00000| Untracked 
| 188|0x000000008bc00000, 0x000000008bd00000, 0x000000008bd00000|100%| O|  |TAMS 0x000000008bc00000| PB 0x000000008bc00000| Untracked 
| 189|0x000000008bd00000, 0x000000008be00000, 0x000000008be00000|100%| O|  |TAMS 0x000000008bd00000| PB 0x000000008bd00000| Untracked 
| 190|0x000000008be00000, 0x000000008bf00000, 0x000000008bf00000|100%| O|  |TAMS 0x000000008be00000| PB 0x000000008be00000| Untracked 
| 191|0x000000008bf00000, 0x000000008c000000, 0x000000008c000000|100%| O|  |TAMS 0x000000008bf00000| PB 0x000000008bf00000| Untracked 
| 192|0x000000008c000000, 0x000000008c100000, 0x000000008c100000|100%| O|  |TAMS 0x000000008c000000| PB 0x000000008c000000| Untracked 
| 193|0x000000008c100000, 0x000000008c200000, 0x000000008c200000|100%| O|  |TAMS 0x000000008c100000| PB 0x000000008c100000| Untracked 
| 194|0x000000008c200000, 0x000000008c300000, 0x000000008c300000|100%| O|  |TAMS 0x000000008c200000| PB 0x000000008c200000| Untracked 
| 195|0x000000008c300000, 0x000000008c400000, 0x000000008c400000|100%| O|  |TAMS 0x000000008c300000| PB 0x000000008c300000| Untracked 
| 196|0x000000008c400000, 0x000000008c500000, 0x000000008c500000|100%| O|  |TAMS 0x000000008c400000| PB 0x000000008c400000| Untracked 
| 197|0x000000008c500000, 0x000000008c600000, 0x000000008c600000|100%| O|  |TAMS 0x000000008c500000| PB 0x000000008c500000| Untracked 
| 198|0x000000008c600000, 0x000000008c700000, 0x000000008c700000|100%| O|  |TAMS 0x000000008c600000| PB 0x000000008c600000| Untracked 
| 199|0x000000008c700000, 0x000000008c700000, 0x000000008c800000|  0%| F|  |TAMS 0x000000008c700000| PB 0x000000008c700000| Untracked 
| 200|0x000000008c800000, 0x000000008c900000, 0x000000008c900000|100%| O|Cm|TAMS 0x000000008c800000| PB 0x000000008c800000| Complete 
| 201|0x000000008c900000, 0x000000008ca00000, 0x000000008ca00000|100%| O|  |TAMS 0x000000008c900000| PB 0x000000008c900000| Untracked 
| 202|0x000000008ca00000, 0x000000008cb00000, 0x000000008cb00000|100%| O|  |TAMS 0x000000008ca00000| PB 0x000000008ca00000| Untracked 
| 203|0x000000008cb00000, 0x000000008cc00000, 0x000000008cc00000|100%| O|Cm|TAMS 0x000000008cb00000| PB 0x000000008cb00000| Complete 
| 204|0x000000008cc00000, 0x000000008cd00000, 0x000000008cd00000|100%| O|  |TAMS 0x000000008cc00000| PB 0x000000008cc00000| Untracked 
| 205|0x000000008cd00000, 0x000000008ce00000, 0x000000008ce00000|100%|HS|  |TAMS 0x000000008cd00000| PB 0x000000008cd00000| Complete 
| 206|0x000000008ce00000, 0x000000008cf00000, 0x000000008cf00000|100%|HS|  |TAMS 0x000000008ce00000| PB 0x000000008ce00000| Complete 
| 207|0x000000008cf00000, 0x000000008d000000, 0x000000008d000000|100%|HS|  |TAMS 0x000000008cf00000| PB 0x000000008cf00000| Complete 
| 208|0x000000008d000000, 0x000000008d100000, 0x000000008d100000|100%|HC|  |TAMS 0x000000008d000000| PB 0x000000008d000000| Complete 
| 209|0x000000008d100000, 0x000000008d200000, 0x000000008d200000|100%| O|  |TAMS 0x000000008d100000| PB 0x000000008d100000| Untracked 
| 210|0x000000008d200000, 0x000000008d300000, 0x000000008d300000|100%| O|  |TAMS 0x000000008d200000| PB 0x000000008d200000| Untracked 
| 211|0x000000008d300000, 0x000000008d400000, 0x000000008d400000|100%| O|Cm|TAMS 0x000000008d300000| PB 0x000000008d300000| Complete 
| 212|0x000000008d400000, 0x000000008d400000, 0x000000008d500000|  0%| F|  |TAMS 0x000000008d400000| PB 0x000000008d400000| Untracked 
| 213|0x000000008d500000, 0x000000008d600000, 0x000000008d600000|100%| O|  |TAMS 0x000000008d500000| PB 0x000000008d500000| Untracked 
| 214|0x000000008d600000, 0x000000008d700000, 0x000000008d700000|100%| O|  |TAMS 0x000000008d600000| PB 0x000000008d600000| Untracked 
| 215|0x000000008d700000, 0x000000008d800000, 0x000000008d800000|100%| O|  |TAMS 0x000000008d700000| PB 0x000000008d700000| Untracked 
| 216|0x000000008d800000, 0x000000008d900000, 0x000000008d900000|100%| O|  |TAMS 0x000000008d800000| PB 0x000000008d800000| Untracked 
| 217|0x000000008d900000, 0x000000008da00000, 0x000000008da00000|100%| O|  |TAMS 0x000000008d900000| PB 0x000000008d900000| Untracked 
| 218|0x000000008da00000, 0x000000008db00000, 0x000000008db00000|100%| O|  |TAMS 0x000000008da00000| PB 0x000000008da00000| Untracked 
| 219|0x000000008db00000, 0x000000008dc00000, 0x000000008dc00000|100%| O|  |TAMS 0x000000008db00000| PB 0x000000008db00000| Untracked 
| 220|0x000000008dc00000, 0x000000008dd00000, 0x000000008dd00000|100%| O|  |TAMS 0x000000008dc00000| PB 0x000000008dc00000| Untracked 
| 221|0x000000008dd00000, 0x000000008de00000, 0x000000008de00000|100%| O|  |TAMS 0x000000008dd00000| PB 0x000000008dd00000| Untracked 
| 222|0x000000008de00000, 0x000000008df00000, 0x000000008df00000|100%| O|  |TAMS 0x000000008de00000| PB 0x000000008de00000| Untracked 
| 223|0x000000008df00000, 0x000000008e000000, 0x000000008e000000|100%| O|  |TAMS 0x000000008df00000| PB 0x000000008df00000| Untracked 
| 224|0x000000008e000000, 0x000000008e100000, 0x000000008e100000|100%| O|  |TAMS 0x000000008e000000| PB 0x000000008e000000| Untracked 
| 225|0x000000008e100000, 0x000000008e200000, 0x000000008e200000|100%| O|  |TAMS 0x000000008e100000| PB 0x000000008e100000| Untracked 
| 226|0x000000008e200000, 0x000000008e300000, 0x000000008e300000|100%| O|  |TAMS 0x000000008e200000| PB 0x000000008e200000| Untracked 
| 227|0x000000008e300000, 0x000000008e400000, 0x000000008e400000|100%| O|  |TAMS 0x000000008e300000| PB 0x000000008e300000| Untracked 
| 228|0x000000008e400000, 0x000000008e500000, 0x000000008e500000|100%| O|  |TAMS 0x000000008e400000| PB 0x000000008e400000| Untracked 
| 229|0x000000008e500000, 0x000000008e600000, 0x000000008e600000|100%| O|  |TAMS 0x000000008e500000| PB 0x000000008e500000| Untracked 
| 230|0x000000008e600000, 0x000000008e700000, 0x000000008e700000|100%| O|  |TAMS 0x000000008e600000| PB 0x000000008e600000| Untracked 
| 231|0x000000008e700000, 0x000000008e800000, 0x000000008e800000|100%|HS|  |TAMS 0x000000008e700000| PB 0x000000008e700000| Complete 
| 232|0x000000008e800000, 0x000000008e900000, 0x000000008e900000|100%|HS|  |TAMS 0x000000008e800000| PB 0x000000008e800000| Complete 
| 233|0x000000008e900000, 0x000000008ea00000, 0x000000008ea00000|100%|HS|  |TAMS 0x000000008e900000| PB 0x000000008e900000| Complete 
| 234|0x000000008ea00000, 0x000000008ea00000, 0x000000008eb00000|  0%| F|  |TAMS 0x000000008ea00000| PB 0x000000008ea00000| Untracked 
| 235|0x000000008eb00000, 0x000000008ec00000, 0x000000008ec00000|100%| O|  |TAMS 0x000000008eb00000| PB 0x000000008eb00000| Untracked 
| 236|0x000000008ec00000, 0x000000008ed00000, 0x000000008ed00000|100%| O|  |TAMS 0x000000008ec00000| PB 0x000000008ec00000| Untracked 
| 237|0x000000008ed00000, 0x000000008ee00000, 0x000000008ee00000|100%| O|  |TAMS 0x000000008ed00000| PB 0x000000008ed00000| Untracked 
| 238|0x000000008ee00000, 0x000000008ef00000, 0x000000008ef00000|100%| O|  |TAMS 0x000000008ee00000| PB 0x000000008ee00000| Untracked 
| 239|0x000000008ef00000, 0x000000008f000000, 0x000000008f000000|100%| O|  |TAMS 0x000000008ef00000| PB 0x000000008ef00000| Untracked 
| 240|0x000000008f000000, 0x000000008f100000, 0x000000008f100000|100%| O|  |TAMS 0x000000008f000000| PB 0x000000008f000000| Untracked 
| 241|0x000000008f100000, 0x000000008f200000, 0x000000008f200000|100%| O|  |TAMS 0x000000008f100000| PB 0x000000008f100000| Untracked 
| 242|0x000000008f200000, 0x000000008f200000, 0x000000008f300000|  0%| F|  |TAMS 0x000000008f200000| PB 0x000000008f200000| Untracked 
| 243|0x000000008f300000, 0x000000008f300000, 0x000000008f400000|  0%| F|  |TAMS 0x000000008f300000| PB 0x000000008f300000| Untracked 
| 244|0x000000008f400000, 0x000000008f400000, 0x000000008f500000|  0%| F|  |TAMS 0x000000008f400000| PB 0x000000008f400000| Untracked 
| 245|0x000000008f500000, 0x000000008f500000, 0x000000008f600000|  0%| F|  |TAMS 0x000000008f500000| PB 0x000000008f500000| Untracked 
| 246|0x000000008f600000, 0x000000008f600000, 0x000000008f700000|  0%| F|  |TAMS 0x000000008f600000| PB 0x000000008f600000| Untracked 
| 247|0x000000008f700000, 0x000000008f700000, 0x000000008f800000|  0%| F|  |TAMS 0x000000008f700000| PB 0x000000008f700000| Untracked 
| 248|0x000000008f800000, 0x000000008f800000, 0x000000008f900000|  0%| F|  |TAMS 0x000000008f800000| PB 0x000000008f800000| Untracked 
| 249|0x000000008f900000, 0x000000008f900000, 0x000000008fa00000|  0%| F|  |TAMS 0x000000008f900000| PB 0x000000008f900000| Untracked 
| 250|0x000000008fa00000, 0x000000008fa00000, 0x000000008fb00000|  0%| F|  |TAMS 0x000000008fa00000| PB 0x000000008fa00000| Untracked 
| 251|0x000000008fb00000, 0x000000008fb00000, 0x000000008fc00000|  0%| F|  |TAMS 0x000000008fb00000| PB 0x000000008fb00000| Untracked 
| 252|0x000000008fc00000, 0x000000008fc00000, 0x000000008fd00000|  0%| F|  |TAMS 0x000000008fc00000| PB 0x000000008fc00000| Untracked 
| 253|0x000000008fd00000, 0x000000008fd00000, 0x000000008fe00000|  0%| F|  |TAMS 0x000000008fd00000| PB 0x000000008fd00000| Untracked 
| 254|0x000000008fe00000, 0x000000008fe00000, 0x000000008ff00000|  0%| F|  |TAMS 0x000000008fe00000| PB 0x000000008fe00000| Untracked 
| 255|0x000000008ff00000, 0x000000008ff00000, 0x0000000090000000|  0%| F|  |TAMS 0x000000008ff00000| PB 0x000000008ff00000| Untracked 
| 256|0x0000000090000000, 0x0000000090000000, 0x0000000090100000|  0%| F|  |TAMS 0x0000000090000000| PB 0x0000000090000000| Untracked 
| 257|0x0000000090100000, 0x0000000090100000, 0x0000000090200000|  0%| F|  |TAMS 0x0000000090100000| PB 0x0000000090100000| Untracked 
| 258|0x0000000090200000, 0x000000009026b070, 0x0000000090300000| 41%| S|CS|TAMS 0x0000000090200000| PB 0x0000000090200000| Complete 
| 259|0x0000000090300000, 0x0000000090400000, 0x0000000090400000|100%| S|CS|TAMS 0x0000000090300000| PB 0x0000000090300000| Complete 
| 260|0x0000000090400000, 0x0000000090500000, 0x0000000090500000|100%| S|CS|TAMS 0x0000000090400000| PB 0x0000000090400000| Complete 
| 261|0x0000000090500000, 0x0000000090600000, 0x0000000090600000|100%| S|CS|TAMS 0x0000000090500000| PB 0x0000000090500000| Complete 
| 262|0x0000000090600000, 0x0000000090700000, 0x0000000090700000|100%| S|CS|TAMS 0x0000000090600000| PB 0x0000000090600000| Complete 
| 263|0x0000000090700000, 0x0000000090800000, 0x0000000090800000|100%| S|CS|TAMS 0x0000000090700000| PB 0x0000000090700000| Complete 
| 264|0x0000000090800000, 0x0000000090900000, 0x0000000090900000|100%| S|CS|TAMS 0x0000000090800000| PB 0x0000000090800000| Complete 
| 265|0x0000000090900000, 0x0000000090a00000, 0x0000000090a00000|100%| S|CS|TAMS 0x0000000090900000| PB 0x0000000090900000| Complete 
| 266|0x0000000090a00000, 0x0000000090b00000, 0x0000000090b00000|100%| S|CS|TAMS 0x0000000090a00000| PB 0x0000000090a00000| Complete 
| 267|0x0000000090b00000, 0x0000000090c00000, 0x0000000090c00000|100%| S|CS|TAMS 0x0000000090b00000| PB 0x0000000090b00000| Complete 
| 268|0x0000000090c00000, 0x0000000090d00000, 0x0000000090d00000|100%| S|CS|TAMS 0x0000000090c00000| PB 0x0000000090c00000| Complete 
| 269|0x0000000090d00000, 0x0000000090e00000, 0x0000000090e00000|100%| S|CS|TAMS 0x0000000090d00000| PB 0x0000000090d00000| Complete 
| 270|0x0000000090e00000, 0x0000000090e00000, 0x0000000090f00000|  0%| F|  |TAMS 0x0000000090e00000| PB 0x0000000090e00000| Untracked 
| 271|0x0000000090f00000, 0x0000000090f00000, 0x0000000091000000|  0%| F|  |TAMS 0x0000000090f00000| PB 0x0000000090f00000| Untracked 
| 272|0x0000000091000000, 0x0000000091000000, 0x0000000091100000|  0%| F|  |TAMS 0x0000000091000000| PB 0x0000000091000000| Untracked 
| 273|0x0000000091100000, 0x0000000091100000, 0x0000000091200000|  0%| F|  |TAMS 0x0000000091100000| PB 0x0000000091100000| Untracked 
| 274|0x0000000091200000, 0x0000000091200000, 0x0000000091300000|  0%| F|  |TAMS 0x0000000091200000| PB 0x0000000091200000| Untracked 
| 275|0x0000000091300000, 0x0000000091300000, 0x0000000091400000|  0%| F|  |TAMS 0x0000000091300000| PB 0x0000000091300000| Untracked 
| 276|0x0000000091400000, 0x0000000091400000, 0x0000000091500000|  0%| F|  |TAMS 0x0000000091400000| PB 0x0000000091400000| Untracked 
| 277|0x0000000091500000, 0x0000000091500000, 0x0000000091600000|  0%| F|  |TAMS 0x0000000091500000| PB 0x0000000091500000| Untracked 
| 278|0x0000000091600000, 0x0000000091600000, 0x0000000091700000|  0%| F|  |TAMS 0x0000000091600000| PB 0x0000000091600000| Untracked 
| 279|0x0000000091700000, 0x0000000091700000, 0x0000000091800000|  0%| F|  |TAMS 0x0000000091700000| PB 0x0000000091700000| Untracked 
| 280|0x0000000091800000, 0x0000000091800000, 0x0000000091900000|  0%| F|  |TAMS 0x0000000091800000| PB 0x0000000091800000| Untracked 
| 281|0x0000000091900000, 0x0000000091900000, 0x0000000091a00000|  0%| F|  |TAMS 0x0000000091900000| PB 0x0000000091900000| Untracked 
| 282|0x0000000091a00000, 0x0000000091a00000, 0x0000000091b00000|  0%| F|  |TAMS 0x0000000091a00000| PB 0x0000000091a00000| Untracked 
| 283|0x0000000091b00000, 0x0000000091b00000, 0x0000000091c00000|  0%| F|  |TAMS 0x0000000091b00000| PB 0x0000000091b00000| Untracked 
| 284|0x0000000091c00000, 0x0000000091c00000, 0x0000000091d00000|  0%| F|  |TAMS 0x0000000091c00000| PB 0x0000000091c00000| Untracked 
| 285|0x0000000091d00000, 0x0000000091d00000, 0x0000000091e00000|  0%| F|  |TAMS 0x0000000091d00000| PB 0x0000000091d00000| Untracked 
| 286|0x0000000091e00000, 0x0000000091e00000, 0x0000000091f00000|  0%| F|  |TAMS 0x0000000091e00000| PB 0x0000000091e00000| Untracked 
| 287|0x0000000091f00000, 0x0000000091f00000, 0x0000000092000000|  0%| F|  |TAMS 0x0000000091f00000| PB 0x0000000091f00000| Untracked 
| 288|0x0000000092000000, 0x0000000092000000, 0x0000000092100000|  0%| F|  |TAMS 0x0000000092000000| PB 0x0000000092000000| Untracked 
| 289|0x0000000092100000, 0x0000000092100000, 0x0000000092200000|  0%| F|  |TAMS 0x0000000092100000| PB 0x0000000092100000| Untracked 
| 290|0x0000000092200000, 0x0000000092200000, 0x0000000092300000|  0%| F|  |TAMS 0x0000000092200000| PB 0x0000000092200000| Untracked 
| 291|0x0000000092300000, 0x0000000092300000, 0x0000000092400000|  0%| F|  |TAMS 0x0000000092300000| PB 0x0000000092300000| Untracked 
| 292|0x0000000092400000, 0x0000000092400000, 0x0000000092500000|  0%| F|  |TAMS 0x0000000092400000| PB 0x0000000092400000| Untracked 
| 293|0x0000000092500000, 0x0000000092500000, 0x0000000092600000|  0%| F|  |TAMS 0x0000000092500000| PB 0x0000000092500000| Untracked 
| 294|0x0000000092600000, 0x0000000092600000, 0x0000000092700000|  0%| F|  |TAMS 0x0000000092600000| PB 0x0000000092600000| Untracked 
| 295|0x0000000092700000, 0x0000000092700000, 0x0000000092800000|  0%| F|  |TAMS 0x0000000092700000| PB 0x0000000092700000| Untracked 
| 296|0x0000000092800000, 0x0000000092800000, 0x0000000092900000|  0%| F|  |TAMS 0x0000000092800000| PB 0x0000000092800000| Untracked 
| 297|0x0000000092900000, 0x0000000092900000, 0x0000000092a00000|  0%| F|  |TAMS 0x0000000092900000| PB 0x0000000092900000| Untracked 
| 298|0x0000000092a00000, 0x0000000092a00000, 0x0000000092b00000|  0%| F|  |TAMS 0x0000000092a00000| PB 0x0000000092a00000| Untracked 
| 299|0x0000000092b00000, 0x0000000092b00000, 0x0000000092c00000|  0%| F|  |TAMS 0x0000000092b00000| PB 0x0000000092b00000| Untracked 
| 300|0x0000000092c00000, 0x0000000092c00000, 0x0000000092d00000|  0%| F|  |TAMS 0x0000000092c00000| PB 0x0000000092c00000| Untracked 
| 301|0x0000000092d00000, 0x0000000092d00000, 0x0000000092e00000|  0%| F|  |TAMS 0x0000000092d00000| PB 0x0000000092d00000| Untracked 
| 302|0x0000000092e00000, 0x0000000092e00000, 0x0000000092f00000|  0%| F|  |TAMS 0x0000000092e00000| PB 0x0000000092e00000| Untracked 
| 303|0x0000000092f00000, 0x0000000092f00000, 0x0000000093000000|  0%| F|  |TAMS 0x0000000092f00000| PB 0x0000000092f00000| Untracked 
| 304|0x0000000093000000, 0x0000000093000000, 0x0000000093100000|  0%| F|  |TAMS 0x0000000093000000| PB 0x0000000093000000| Untracked 
| 305|0x0000000093100000, 0x0000000093100000, 0x0000000093200000|  0%| F|  |TAMS 0x0000000093100000| PB 0x0000000093100000| Untracked 
| 306|0x0000000093200000, 0x0000000093200000, 0x0000000093300000|  0%| F|  |TAMS 0x0000000093200000| PB 0x0000000093200000| Untracked 
| 307|0x0000000093300000, 0x0000000093300000, 0x0000000093400000|  0%| F|  |TAMS 0x0000000093300000| PB 0x0000000093300000| Untracked 
| 308|0x0000000093400000, 0x0000000093400000, 0x0000000093500000|  0%| F|  |TAMS 0x0000000093400000| PB 0x0000000093400000| Untracked 
| 309|0x0000000093500000, 0x0000000093500000, 0x0000000093600000|  0%| F|  |TAMS 0x0000000093500000| PB 0x0000000093500000| Untracked 
| 310|0x0000000093600000, 0x0000000093600000, 0x0000000093700000|  0%| F|  |TAMS 0x0000000093600000| PB 0x0000000093600000| Untracked 
| 311|0x0000000093700000, 0x0000000093700000, 0x0000000093800000|  0%| F|  |TAMS 0x0000000093700000| PB 0x0000000093700000| Untracked 
| 312|0x0000000093800000, 0x0000000093800000, 0x0000000093900000|  0%| F|  |TAMS 0x0000000093800000| PB 0x0000000093800000| Untracked 
| 313|0x0000000093900000, 0x0000000093900000, 0x0000000093a00000|  0%| F|  |TAMS 0x0000000093900000| PB 0x0000000093900000| Untracked 
| 314|0x0000000093a00000, 0x0000000093a00000, 0x0000000093b00000|  0%| F|  |TAMS 0x0000000093a00000| PB 0x0000000093a00000| Untracked 
| 315|0x0000000093b00000, 0x0000000093b00000, 0x0000000093c00000|  0%| F|  |TAMS 0x0000000093b00000| PB 0x0000000093b00000| Untracked 
| 316|0x0000000093c00000, 0x0000000093c00000, 0x0000000093d00000|  0%| F|  |TAMS 0x0000000093c00000| PB 0x0000000093c00000| Untracked 
| 317|0x0000000093d00000, 0x0000000093d00000, 0x0000000093e00000|  0%| F|  |TAMS 0x0000000093d00000| PB 0x0000000093d00000| Untracked 
| 318|0x0000000093e00000, 0x0000000093e00000, 0x0000000093f00000|  0%| F|  |TAMS 0x0000000093e00000| PB 0x0000000093e00000| Untracked 
| 319|0x0000000093f00000, 0x0000000093f00000, 0x0000000094000000|  0%| F|  |TAMS 0x0000000093f00000| PB 0x0000000093f00000| Untracked 
| 320|0x0000000094000000, 0x0000000094000000, 0x0000000094100000|  0%| F|  |TAMS 0x0000000094000000| PB 0x0000000094000000| Untracked 
| 321|0x0000000094100000, 0x0000000094100000, 0x0000000094200000|  0%| F|  |TAMS 0x0000000094100000| PB 0x0000000094100000| Untracked 
| 322|0x0000000094200000, 0x0000000094200000, 0x0000000094300000|  0%| F|  |TAMS 0x0000000094200000| PB 0x0000000094200000| Untracked 
| 323|0x0000000094300000, 0x0000000094300000, 0x0000000094400000|  0%| F|  |TAMS 0x0000000094300000| PB 0x0000000094300000| Untracked 
| 324|0x0000000094400000, 0x0000000094400000, 0x0000000094500000|  0%| F|  |TAMS 0x0000000094400000| PB 0x0000000094400000| Untracked 
| 325|0x0000000094500000, 0x0000000094500000, 0x0000000094600000|  0%| F|  |TAMS 0x0000000094500000| PB 0x0000000094500000| Untracked 
| 326|0x0000000094600000, 0x0000000094600000, 0x0000000094700000|  0%| F|  |TAMS 0x0000000094600000| PB 0x0000000094600000| Untracked 
| 327|0x0000000094700000, 0x0000000094700000, 0x0000000094800000|  0%| F|  |TAMS 0x0000000094700000| PB 0x0000000094700000| Untracked 
| 328|0x0000000094800000, 0x0000000094800000, 0x0000000094900000|  0%| F|  |TAMS 0x0000000094800000| PB 0x0000000094800000| Untracked 
| 329|0x0000000094900000, 0x0000000094900000, 0x0000000094a00000|  0%| F|  |TAMS 0x0000000094900000| PB 0x0000000094900000| Untracked 
| 330|0x0000000094a00000, 0x0000000094a00000, 0x0000000094b00000|  0%| F|  |TAMS 0x0000000094a00000| PB 0x0000000094a00000| Untracked 
| 331|0x0000000094b00000, 0x0000000094b00000, 0x0000000094c00000|  0%| F|  |TAMS 0x0000000094b00000| PB 0x0000000094b00000| Untracked 
| 332|0x0000000094c00000, 0x0000000094c00000, 0x0000000094d00000|  0%| F|  |TAMS 0x0000000094c00000| PB 0x0000000094c00000| Untracked 
| 333|0x0000000094d00000, 0x0000000094d00000, 0x0000000094e00000|  0%| F|  |TAMS 0x0000000094d00000| PB 0x0000000094d00000| Untracked 
| 334|0x0000000094e00000, 0x0000000094e00000, 0x0000000094f00000|  0%| F|  |TAMS 0x0000000094e00000| PB 0x0000000094e00000| Untracked 
| 335|0x0000000094f00000, 0x0000000094f00000, 0x0000000095000000|  0%| F|  |TAMS 0x0000000094f00000| PB 0x0000000094f00000| Untracked 
| 336|0x0000000095000000, 0x0000000095000000, 0x0000000095100000|  0%| F|  |TAMS 0x0000000095000000| PB 0x0000000095000000| Untracked 
| 337|0x0000000095100000, 0x0000000095100000, 0x0000000095200000|  0%| F|  |TAMS 0x0000000095100000| PB 0x0000000095100000| Untracked 
| 338|0x0000000095200000, 0x0000000095200000, 0x0000000095300000|  0%| F|  |TAMS 0x0000000095200000| PB 0x0000000095200000| Untracked 
| 339|0x0000000095300000, 0x0000000095300000, 0x0000000095400000|  0%| F|  |TAMS 0x0000000095300000| PB 0x0000000095300000| Untracked 
| 340|0x0000000095400000, 0x0000000095400000, 0x0000000095500000|  0%| F|  |TAMS 0x0000000095400000| PB 0x0000000095400000| Untracked 
| 341|0x0000000095500000, 0x0000000095500000, 0x0000000095600000|  0%| F|  |TAMS 0x0000000095500000| PB 0x0000000095500000| Untracked 
| 342|0x0000000095600000, 0x0000000095600000, 0x0000000095700000|  0%| F|  |TAMS 0x0000000095600000| PB 0x0000000095600000| Untracked 
| 343|0x0000000095700000, 0x0000000095700000, 0x0000000095800000|  0%| F|  |TAMS 0x0000000095700000| PB 0x0000000095700000| Untracked 
| 344|0x0000000095800000, 0x0000000095800000, 0x0000000095900000|  0%| F|  |TAMS 0x0000000095800000| PB 0x0000000095800000| Untracked 
| 345|0x0000000095900000, 0x0000000095900000, 0x0000000095a00000|  0%| F|  |TAMS 0x0000000095900000| PB 0x0000000095900000| Untracked 
| 346|0x0000000095a00000, 0x0000000095a00000, 0x0000000095b00000|  0%| F|  |TAMS 0x0000000095a00000| PB 0x0000000095a00000| Untracked 
| 347|0x0000000095b00000, 0x0000000095b00000, 0x0000000095c00000|  0%| F|  |TAMS 0x0000000095b00000| PB 0x0000000095b00000| Untracked 
| 348|0x0000000095c00000, 0x0000000095c00000, 0x0000000095d00000|  0%| F|  |TAMS 0x0000000095c00000| PB 0x0000000095c00000| Untracked 
| 349|0x0000000095d00000, 0x0000000095d00000, 0x0000000095e00000|  0%| F|  |TAMS 0x0000000095d00000| PB 0x0000000095d00000| Untracked 
| 350|0x0000000095e00000, 0x0000000095e00000, 0x0000000095f00000|  0%| F|  |TAMS 0x0000000095e00000| PB 0x0000000095e00000| Untracked 
| 351|0x0000000095f00000, 0x0000000095f00000, 0x0000000096000000|  0%| F|  |TAMS 0x0000000095f00000| PB 0x0000000095f00000| Untracked 
| 352|0x0000000096000000, 0x0000000096000000, 0x0000000096100000|  0%| F|  |TAMS 0x0000000096000000| PB 0x0000000096000000| Untracked 
| 353|0x0000000096100000, 0x0000000096100000, 0x0000000096200000|  0%| F|  |TAMS 0x0000000096100000| PB 0x0000000096100000| Untracked 
| 354|0x0000000096200000, 0x0000000096200000, 0x0000000096300000|  0%| F|  |TAMS 0x0000000096200000| PB 0x0000000096200000| Untracked 
| 355|0x0000000096300000, 0x0000000096300000, 0x0000000096400000|  0%| F|  |TAMS 0x0000000096300000| PB 0x0000000096300000| Untracked 
| 356|0x0000000096400000, 0x0000000096400000, 0x0000000096500000|  0%| F|  |TAMS 0x0000000096400000| PB 0x0000000096400000| Untracked 
| 357|0x0000000096500000, 0x0000000096500000, 0x0000000096600000|  0%| F|  |TAMS 0x0000000096500000| PB 0x0000000096500000| Untracked 
| 358|0x0000000096600000, 0x0000000096600000, 0x0000000096700000|  0%| F|  |TAMS 0x0000000096600000| PB 0x0000000096600000| Untracked 
| 359|0x0000000096700000, 0x0000000096700000, 0x0000000096800000|  0%| F|  |TAMS 0x0000000096700000| PB 0x0000000096700000| Untracked 
| 360|0x0000000096800000, 0x0000000096800000, 0x0000000096900000|  0%| F|  |TAMS 0x0000000096800000| PB 0x0000000096800000| Untracked 
| 361|0x0000000096900000, 0x0000000096900000, 0x0000000096a00000|  0%| F|  |TAMS 0x0000000096900000| PB 0x0000000096900000| Untracked 
| 362|0x0000000096a00000, 0x0000000096a00000, 0x0000000096b00000|  0%| F|  |TAMS 0x0000000096a00000| PB 0x0000000096a00000| Untracked 
| 363|0x0000000096b00000, 0x0000000096b00000, 0x0000000096c00000|  0%| F|  |TAMS 0x0000000096b00000| PB 0x0000000096b00000| Untracked 
| 364|0x0000000096c00000, 0x0000000096c00000, 0x0000000096d00000|  0%| F|  |TAMS 0x0000000096c00000| PB 0x0000000096c00000| Untracked 
| 365|0x0000000096d00000, 0x0000000096d00000, 0x0000000096e00000|  0%| F|  |TAMS 0x0000000096d00000| PB 0x0000000096d00000| Untracked 
| 366|0x0000000096e00000, 0x0000000096e00000, 0x0000000096f00000|  0%| F|  |TAMS 0x0000000096e00000| PB 0x0000000096e00000| Untracked 
| 367|0x0000000096f00000, 0x0000000096f00000, 0x0000000097000000|  0%| F|  |TAMS 0x0000000096f00000| PB 0x0000000096f00000| Untracked 
| 368|0x0000000097000000, 0x0000000097000000, 0x0000000097100000|  0%| F|  |TAMS 0x0000000097000000| PB 0x0000000097000000| Untracked 
| 369|0x0000000097100000, 0x0000000097100000, 0x0000000097200000|  0%| F|  |TAMS 0x0000000097100000| PB 0x0000000097100000| Untracked 
| 370|0x0000000097200000, 0x0000000097200000, 0x0000000097300000|  0%| F|  |TAMS 0x0000000097200000| PB 0x0000000097200000| Untracked 
| 371|0x0000000097300000, 0x0000000097300000, 0x0000000097400000|  0%| F|  |TAMS 0x0000000097300000| PB 0x0000000097300000| Untracked 
| 372|0x0000000097400000, 0x0000000097400000, 0x0000000097500000|  0%| F|  |TAMS 0x0000000097400000| PB 0x0000000097400000| Untracked 
| 373|0x0000000097500000, 0x0000000097500000, 0x0000000097600000|  0%| F|  |TAMS 0x0000000097500000| PB 0x0000000097500000| Untracked 
| 374|0x0000000097600000, 0x0000000097600000, 0x0000000097700000|  0%| F|  |TAMS 0x0000000097600000| PB 0x0000000097600000| Untracked 
| 375|0x0000000097700000, 0x0000000097700000, 0x0000000097800000|  0%| F|  |TAMS 0x0000000097700000| PB 0x0000000097700000| Untracked 
| 376|0x0000000097800000, 0x0000000097884988, 0x0000000097900000| 51%| E|  |TAMS 0x0000000097800000| PB 0x0000000097800000| Complete 
| 377|0x0000000097900000, 0x0000000097a00000, 0x0000000097a00000|100%| E|CS|TAMS 0x0000000097900000| PB 0x0000000097900000| Complete 
| 378|0x0000000097a00000, 0x0000000097b00000, 0x0000000097b00000|100%| E|CS|TAMS 0x0000000097a00000| PB 0x0000000097a00000| Complete 
| 379|0x0000000097b00000, 0x0000000097c00000, 0x0000000097c00000|100%| E|CS|TAMS 0x0000000097b00000| PB 0x0000000097b00000| Complete 
| 380|0x0000000097c00000, 0x0000000097d00000, 0x0000000097d00000|100%| E|CS|TAMS 0x0000000097c00000| PB 0x0000000097c00000| Complete 
| 381|0x0000000097d00000, 0x0000000097e00000, 0x0000000097e00000|100%| E|CS|TAMS 0x0000000097d00000| PB 0x0000000097d00000| Complete 
| 382|0x0000000097e00000, 0x0000000097f00000, 0x0000000097f00000|100%| E|CS|TAMS 0x0000000097e00000| PB 0x0000000097e00000| Complete 
| 383|0x0000000097f00000, 0x0000000098000000, 0x0000000098000000|100%| E|CS|TAMS 0x0000000097f00000| PB 0x0000000097f00000| Complete 
| 384|0x0000000098000000, 0x0000000098100000, 0x0000000098100000|100%| E|CS|TAMS 0x0000000098000000| PB 0x0000000098000000| Complete 
| 385|0x0000000098100000, 0x0000000098200000, 0x0000000098200000|100%| E|CS|TAMS 0x0000000098100000| PB 0x0000000098100000| Complete 
| 386|0x0000000098200000, 0x0000000098300000, 0x0000000098300000|100%| E|CS|TAMS 0x0000000098200000| PB 0x0000000098200000| Complete 
| 387|0x0000000098300000, 0x0000000098400000, 0x0000000098400000|100%| E|CS|TAMS 0x0000000098300000| PB 0x0000000098300000| Complete 
| 388|0x0000000098400000, 0x0000000098500000, 0x0000000098500000|100%| E|CS|TAMS 0x0000000098400000| PB 0x0000000098400000| Complete 
| 389|0x0000000098500000, 0x0000000098600000, 0x0000000098600000|100%| E|CS|TAMS 0x0000000098500000| PB 0x0000000098500000| Complete 
|2033|0x00000000ff100000, 0x00000000ff200000, 0x00000000ff200000|100%| O|Cm|TAMS 0x00000000ff100000| PB 0x00000000ff100000| Complete 
|2034|0x00000000ff200000, 0x00000000ff300000, 0x00000000ff300000|100%| E|CS|TAMS 0x00000000ff200000| PB 0x00000000ff200000| Complete 
|2035|0x00000000ff300000, 0x00000000ff400000, 0x00000000ff400000|100%| O|  |TAMS 0x00000000ff300000| PB 0x00000000ff300000| Untracked 
|2036|0x00000000ff400000, 0x00000000ff500000, 0x00000000ff500000|100%| O|  |TAMS 0x00000000ff400000| PB 0x00000000ff400000| Untracked 
|2037|0x00000000ff500000, 0x00000000ff600000, 0x00000000ff600000|100%| E|CS|TAMS 0x00000000ff500000| PB 0x00000000ff500000| Complete 
|2038|0x00000000ff600000, 0x00000000ff700000, 0x00000000ff700000|100%| E|CS|TAMS 0x00000000ff600000| PB 0x00000000ff600000| Complete 
|2039|0x00000000ff700000, 0x00000000ff800000, 0x00000000ff800000|100%| E|CS|TAMS 0x00000000ff700000| PB 0x00000000ff700000| Complete 
|2040|0x00000000ff800000, 0x00000000ff900000, 0x00000000ff900000|100%| O|  |TAMS 0x00000000ff800000| PB 0x00000000ff800000| Untracked 
|2041|0x00000000ff900000, 0x00000000ffa00000, 0x00000000ffa00000|100%| E|CS|TAMS 0x00000000ff900000| PB 0x00000000ff900000| Complete 
|2042|0x00000000ffa00000, 0x00000000ffb00000, 0x00000000ffb00000|100%| E|CS|TAMS 0x00000000ffa00000| PB 0x00000000ffa00000| Complete 
|2043|0x00000000ffb00000, 0x00000000ffc00000, 0x00000000ffc00000|100%| O|  |TAMS 0x00000000ffb00000| PB 0x00000000ffb00000| Untracked 
|2044|0x00000000ffc00000, 0x00000000ffd00000, 0x00000000ffd00000|100%| E|CS|TAMS 0x00000000ffc00000| PB 0x00000000ffc00000| Complete 
|2045|0x00000000ffd00000, 0x00000000ffe00000, 0x00000000ffe00000|100%| O|  |TAMS 0x00000000ffd00000| PB 0x00000000ffd00000| Untracked 
|2046|0x00000000ffe00000, 0x00000000fff00000, 0x00000000fff00000|100%| O|  |TAMS 0x00000000ffe00000| PB 0x00000000ffe00000| Untracked 
|2047|0x00000000fff00000, 0x0000000100000000, 0x0000000100000000|100%| O|  |TAMS 0x00000000fff00000| PB 0x00000000fff00000| Untracked 

Card table byte_map: [0x000001c09e5a0000,0x000001c09e9a0000] _byte_map_base: 0x000001c09e1a0000

Marking Bits: (CMBitMap*) 0x000001c08baaf520
 Bits: [0x000001c09e9a0000, 0x000001c0a09a0000)

Polling page: 0x000001c089cd0000

Metaspace:

Usage:
  Non-class:    112.97 MB used.
      Class:     18.69 MB used.
       Both:    131.66 MB used.

Virtual space:
  Non-class space:      128.00 MB reserved,     114.69 MB ( 90%) committed,  2 nodes.
      Class space:      416.00 MB reserved,      20.25 MB (  5%) committed,  1 nodes.
             Both:      544.00 MB reserved,     134.94 MB ( 25%) committed. 

Chunk freelists:
   Non-Class:  12.70 MB
       Class:  11.66 MB
        Both:  24.36 MB

MaxMetaspaceSize: 512.00 MB
CompressedClassSpaceSize: 416.00 MB
Initial GC threshold: 21.00 MB
Current GC threshold: 222.50 MB
CDS: on
 - commit_granule_bytes: 65536.
 - commit_granule_words: 8192.
 - virtual_space_node_default_size: 8388608.
 - enlarge_chunks_in_place: 1.
 - use_allocation_guard: 0.


Internal statistics:

num_allocs_failed_limit: 6.
num_arena_births: 5298.
num_arena_deaths: 86.
num_vsnodes_births: 3.
num_vsnodes_deaths: 0.
num_space_committed: 2159.
num_space_uncommitted: 0.
num_chunks_returned_to_freelist: 150.
num_chunks_taken_from_freelist: 12067.
num_chunk_merges: 40.
num_chunk_splits: 7733.
num_chunks_enlarged: 4814.
num_inconsistent_stats: 0.

CodeHeap 'non-profiled nmethods': size=120000Kb used=12026Kb max_used=12026Kb free=107973Kb
 bounds [0x000001c096720000, 0x000001c0972e0000, 0x000001c09dc50000]
CodeHeap 'profiled nmethods': size=120000Kb used=31765Kb max_used=31765Kb free=88234Kb
 bounds [0x000001c08ec50000, 0x000001c090b70000, 0x000001c096180000]
CodeHeap 'non-nmethods': size=5760Kb used=2831Kb max_used=2887Kb free=2928Kb
 bounds [0x000001c096180000, 0x000001c096460000, 0x000001c096720000]
CodeCache: size=245760Kb, used=46622Kb, max_used=46678Kb, free=199135Kb
 total_blobs=16986, nmethods=15909, adapters=980, full_count=0
Compilation: enabled, stopped_count=0, restarted_count=0

Compilation events (20 events):
Event: 353.445 Thread 0x000001c0a2dad800 nmethod 21584 0x000001c08fb60d10 code [0x000001c08fb60f60, 0x000001c08fb61690]
Event: 353.462 Thread 0x000001c0a2dad800 21585       3       org.gradle.internal.component.external.model.maven.DefaultMutableMavenModuleResolveMetadata::<init> (38 bytes)
Event: 353.462 Thread 0x000001c0a2dad800 nmethod 21585 0x000001c08fdd9390 code [0x000001c08fdd9560, 0x000001c08fdd98a8]
Event: 353.462 Thread 0x000001c0a2dad800 21590       3       org.gradle.api.internal.artifacts.ivyservice.modulecache.ModuleMetadataSerializer$Reader::readStringList (37 bytes)
Event: 353.463 Thread 0x000001c0a2dad800 nmethod 21590 0x000001c08ee19110 code [0x000001c08ee19360, 0x000001c08ee19b70]
Event: 353.463 Thread 0x000001c0a2dad800 21591       3       org.gradle.api.internal.artifacts.ivyservice.modulecache.ModuleSourcesSerializer::read (50 bytes)
Event: 353.464 Thread 0x000001c0a2dad800 nmethod 21591 0x000001c08f4e2e90 code [0x000001c08f4e3100, 0x000001c08f4e3cb0]
Event: 353.464 Thread 0x000001c0a2dad800 21586       3       org.gradle.internal.component.external.model.AbstractMutableModuleComponentResolveMetadata::<init> (77 bytes)
Event: 353.464 Thread 0x000001c0a2dad800 nmethod 21586 0x000001c08fa00690 code [0x000001c08fa008e0, 0x000001c08fa01428]
Event: 353.464 Thread 0x000001c0a2dad800 21587       3       org.gradle.internal.component.external.model.AbstractMutableModuleComponentResolveMetadata::defaultAttributes (20 bytes)
Event: 353.465 Thread 0x000001c0a2dad800 nmethod 21587 0x000001c08ee18a90 code [0x000001c08ee18c60, 0x000001c08ee19000]
Event: 353.465 Thread 0x000001c0a2dad800 21588       3       org.gradle.internal.component.external.model.VariantMetadataRules::<init> (13 bytes)
Event: 353.465 Thread 0x000001c0a2dad800 nmethod 21588 0x000001c0908a6610 code [0x000001c0908a67c0, 0x000001c0908a69f0]
Event: 353.465 Thread 0x000001c0a2dad800 21589       3       org.gradle.internal.component.external.model.VariantMetadataRules::<init> (42 bytes)
Event: 353.465 Thread 0x000001c0a2dad800 nmethod 21589 0x000001c08f9ffb90 code [0x000001c08f9ffd80, 0x000001c08fa00478]
Event: 353.465 Thread 0x000001c0a2dad800 21592       3       org.gradle.api.internal.artifacts.ivyservice.ivyresolve.ModuleDescriptorHashCodec::decode (6 bytes)
Event: 353.466 Thread 0x000001c0a2dad800 nmethod 21592 0x000001c090492d90 code [0x000001c090492f80, 0x000001c090493450]
Event: 353.466 Thread 0x000001c0a2dad800 21593       3       org.gradle.api.internal.artifacts.ivyservice.ivyresolve.ModuleDescriptorHashCodec::decode (23 bytes)
Event: 353.466 Thread 0x000001c0a2dad800 nmethod 21593 0x000001c08f9ff390 code [0x000001c08f9ff580, 0x000001c08f9ff9e8]
Event: 353.469 Thread 0x000001c0a2dacc30 21594       4       org.gradle.api.internal.artifacts.ModuleComponentSelectorSerializer::read (50 bytes)

GC Heap History (20 events):
Event: 298.005 GC heap before
{Heap before GC invocations=71 (full 0):
 garbage-first heap   total 263168K, used 241053K [0x0000000080000000, 0x0000000100000000)
  region size 1024K, 81 young (82944K), 10 survivors (10240K)
 Metaspace       used 129321K, committed 132288K, reserved 557056K
  class space    used 18381K, committed 19840K, reserved 425984K
}
Event: 298.021 GC heap after
{Heap after GC invocations=72 (full 0):
 garbage-first heap   total 268288K, used 179995K [0x0000000080000000, 0x0000000100000000)
  region size 1024K, 11 young (11264K), 11 survivors (11264K)
 Metaspace       used 129321K, committed 132288K, reserved 557056K
  class space    used 18381K, committed 19840K, reserved 425984K
}
Event: 303.032 GC heap before
{Heap before GC invocations=72 (full 0):
 garbage-first heap   total 268288K, used 244507K [0x0000000080000000, 0x0000000100000000)
  region size 1024K, 75 young (76800K), 11 survivors (11264K)
 Metaspace       used 129988K, committed 133056K, reserved 557056K
  class space    used 18460K, committed 19968K, reserved 425984K
}
Event: 303.044 GC heap after
{Heap after GC invocations=73 (full 0):
 garbage-first heap   total 268288K, used 191420K [0x0000000080000000, 0x0000000100000000)
  region size 1024K, 10 young (10240K), 10 survivors (10240K)
 Metaspace       used 129988K, committed 133056K, reserved 557056K
  class space    used 18460K, committed 19968K, reserved 425984K
}
Event: 309.122 GC heap before
{Heap before GC invocations=74 (full 0):
 garbage-first heap   total 319488K, used 244668K [0x0000000080000000, 0x0000000100000000)
  region size 1024K, 62 young (63488K), 10 survivors (10240K)
 Metaspace       used 130492K, committed 133568K, reserved 557056K
  class space    used 18541K, committed 20032K, reserved 425984K
}
Event: 309.133 GC heap after
{Heap after GC invocations=75 (full 0):
 garbage-first heap   total 319488K, used 201326K [0x0000000080000000, 0x0000000100000000)
  region size 1024K, 8 young (8192K), 8 survivors (8192K)
 Metaspace       used 130492K, committed 133568K, reserved 557056K
  class space    used 18541K, committed 20032K, reserved 425984K
}
Event: 315.387 GC heap before
{Heap before GC invocations=75 (full 0):
 garbage-first heap   total 319488K, used 280174K [0x0000000080000000, 0x0000000100000000)
  region size 1024K, 85 young (87040K), 8 survivors (8192K)
 Metaspace       used 131570K, committed 134784K, reserved 557056K
  class space    used 18716K, committed 20288K, reserved 425984K
}
Event: 315.401 GC heap after
{Heap after GC invocations=76 (full 0):
 garbage-first heap   total 319488K, used 212841K [0x0000000080000000, 0x0000000100000000)
  region size 1024K, 11 young (11264K), 11 survivors (11264K)
 Metaspace       used 131570K, committed 134784K, reserved 557056K
  class space    used 18716K, committed 20288K, reserved 425984K
}
Event: 319.134 GC heap before
{Heap before GC invocations=76 (full 0):
 garbage-first heap   total 319488K, used 282473K [0x0000000080000000, 0x0000000100000000)
  region size 1024K, 80 young (81920K), 11 survivors (11264K)
 Metaspace       used 131639K, committed 134848K, reserved 557056K
  class space    used 18716K, committed 20288K, reserved 425984K
}
Event: 319.144 GC heap after
{Heap after GC invocations=77 (full 0):
 garbage-first heap   total 319488K, used 221700K [0x0000000080000000, 0x0000000100000000)
  region size 1024K, 8 young (8192K), 8 survivors (8192K)
 Metaspace       used 131639K, committed 134848K, reserved 557056K
  class space    used 18716K, committed 20288K, reserved 425984K
}
Event: 321.261 GC heap before
{Heap before GC invocations=78 (full 0):
 garbage-first heap   total 370688K, used 288260K [0x0000000080000000, 0x0000000100000000)
  region size 1024K, 74 young (75776K), 8 survivors (8192K)
 Metaspace       used 131641K, committed 134848K, reserved 557056K
  class space    used 18716K, committed 20288K, reserved 425984K
}
Event: 321.267 GC heap after
{Heap after GC invocations=79 (full 0):
 garbage-first heap   total 370688K, used 223620K [0x0000000080000000, 0x0000000100000000)
  region size 1024K, 7 young (7168K), 7 survivors (7168K)
 Metaspace       used 131641K, committed 134848K, reserved 557056K
  class space    used 18716K, committed 20288K, reserved 425984K
}
Event: 328.211 GC heap before
{Heap before GC invocations=79 (full 0):
 garbage-first heap   total 370688K, used 330116K [0x0000000080000000, 0x0000000100000000)
  region size 1024K, 108 young (110592K), 7 survivors (7168K)
 Metaspace       used 132107K, committed 135360K, reserved 557056K
  class space    used 18798K, committed 20352K, reserved 425984K
}
Event: 328.223 GC heap after
{Heap after GC invocations=80 (full 0):
 garbage-first heap   total 370688K, used 235717K [0x0000000080000000, 0x0000000100000000)
  region size 1024K, 14 young (14336K), 14 survivors (14336K)
 Metaspace       used 132107K, committed 135360K, reserved 557056K
  class space    used 18798K, committed 20352K, reserved 425984K
}
Event: 335.718 GC heap before
{Heap before GC invocations=80 (full 0):
 garbage-first heap   total 370688K, used 328901K [0x0000000080000000, 0x0000000100000000)
  region size 1024K, 106 young (108544K), 14 survivors (14336K)
 Metaspace       used 133286K, committed 136704K, reserved 557056K
  class space    used 18967K, committed 20608K, reserved 425984K
}
Event: 335.731 GC heap after
{Heap after GC invocations=81 (full 0):
 garbage-first heap   total 370688K, used 248222K [0x0000000080000000, 0x0000000100000000)
  region size 1024K, 14 young (14336K), 14 survivors (14336K)
 Metaspace       used 133286K, committed 136704K, reserved 557056K
  class space    used 18967K, committed 20608K, reserved 425984K
}
Event: 341.859 GC heap before
{Heap before GC invocations=82 (full 0):
 garbage-first heap   total 414720K, used 331166K [0x0000000080000000, 0x0000000100000000)
  region size 1024K, 96 young (98304K), 14 survivors (14336K)
 Metaspace       used 134496K, committed 137856K, reserved 557056K
  class space    used 19094K, committed 20672K, reserved 425984K
}
Event: 341.871 GC heap after
{Heap after GC invocations=83 (full 0):
 garbage-first heap   total 414720K, used 255570K [0x0000000080000000, 0x0000000100000000)
  region size 1024K, 12 young (12288K), 12 survivors (12288K)
 Metaspace       used 134496K, committed 137856K, reserved 557056K
  class space    used 19094K, committed 20672K, reserved 425984K
}
Event: 347.955 GC heap before
{Heap before GC invocations=83 (full 0):
 garbage-first heap   total 414720K, used 376402K [0x0000000080000000, 0x0000000100000000)
  region size 1024K, 127 young (130048K), 12 survivors (12288K)
 Metaspace       used 134692K, committed 138112K, reserved 557056K
  class space    used 19128K, committed 20736K, reserved 425984K
}
Event: 348.957 GC heap after
{Heap after GC invocations=84 (full 0):
 garbage-first heap   total 414720K, used 264620K [0x0000000080000000, 0x0000000100000000)
  region size 1024K, 12 young (12288K), 12 survivors (12288K)
 Metaspace       used 134692K, committed 138112K, reserved 557056K
  class space    used 19128K, committed 20736K, reserved 425984K
}

Dll operation events (15 events):
Event: 0.019 Loaded shared library C:\Users\kenne\.vscode\extensions\redhat.java-1.55.0-win32-x64\jre\21.0.11-win32-x86_64\bin\java.dll
Event: 0.146 Loaded shared library C:\Users\kenne\.vscode\extensions\redhat.java-1.55.0-win32-x64\jre\21.0.11-win32-x86_64\bin\zip.dll
Event: 0.178 Loaded shared library C:\Users\kenne\.vscode\extensions\redhat.java-1.55.0-win32-x64\jre\21.0.11-win32-x86_64\bin\instrument.dll
Event: 0.185 Loaded shared library C:\Users\kenne\.vscode\extensions\redhat.java-1.55.0-win32-x64\jre\21.0.11-win32-x86_64\bin\net.dll
Event: 0.188 Loaded shared library C:\Users\kenne\.vscode\extensions\redhat.java-1.55.0-win32-x64\jre\21.0.11-win32-x86_64\bin\nio.dll
Event: 0.196 Loaded shared library C:\Users\kenne\.vscode\extensions\redhat.java-1.55.0-win32-x64\jre\21.0.11-win32-x86_64\bin\zip.dll
Event: 0.720 Loaded shared library C:\Users\kenne\.vscode\extensions\redhat.java-1.55.0-win32-x64\jre\21.0.11-win32-x86_64\bin\jimage.dll
Event: 1.610 Loaded shared library C:\Users\kenne\.vscode\extensions\redhat.java-1.55.0-win32-x64\jre\21.0.11-win32-x86_64\bin\verify.dll
Event: 1.802 Loaded shared library C:\Users\kenne\.gradle\native\1def1411415f61bf3af743bc5b6707747c0891f09f0c88961ee8f79bc544acac\windows-amd64\native-platform.dll
Event: 1.839 Loaded shared library C:\Users\kenne\.gradle\native\0.2.7\x86_64-windows-gnu\gradle-fileevents.dll
Event: 20.668 Loaded shared library C:\Users\kenne\.vscode\extensions\redhat.java-1.55.0-win32-x64\jre\21.0.11-win32-x86_64\bin\management.dll
Event: 20.701 Loaded shared library C:\Users\kenne\.vscode\extensions\redhat.java-1.55.0-win32-x64\jre\21.0.11-win32-x86_64\bin\management_ext.dll
Event: 23.156 Loaded shared library C:\Users\kenne\.vscode\extensions\redhat.java-1.55.0-win32-x64\jre\21.0.11-win32-x86_64\bin\extnet.dll
Event: 25.664 Loaded shared library C:\Users\kenne\.vscode\extensions\redhat.java-1.55.0-win32-x64\jre\21.0.11-win32-x86_64\bin\sunmscapi.dll
Event: 154.083 Loaded shared library C:\Users\kenne\.vscode\extensions\redhat.java-1.55.0-win32-x64\jre\21.0.11-win32-x86_64\bin\rmi.dll

Deoptimization events (20 events):
Event: 344.241 Thread 0x000001c0c84275b0 Uncommon trap: trap_request=0xffffffdc fr.pc=0x000001c09726d6e4 relative=0x0000000000000224
Event: 344.241 Thread 0x000001c0c84275b0 Uncommon trap: reason=class_check action=make_not_entrant pc=0x000001c09726d6e4 method=java.util.ArrayDeque.toArray(Ljava/lang/Class;)[Ljava/lang/Object; @ 45 c2
Event: 344.241 Thread 0x000001c0c84275b0 DEOPT PACKING pc=0x000001c09726d6e4 sp=0x00000037cd8fdf60
Event: 344.241 Thread 0x000001c0c84275b0 DEOPT UNPACKING pc=0x000001c0961d4422 sp=0x00000037cd8fdf10 mode 2
Event: 344.303 Thread 0x000001c0c45ab1a0 Uncommon trap: trap_request=0xffffff45 fr.pc=0x000001c097171890 relative=0x0000000000000470
Event: 344.303 Thread 0x000001c0c45ab1a0 Uncommon trap: reason=unstable_if action=reinterpret pc=0x000001c097171890 method=org.gradle.internal.extensibility.DefaultExtraPropertiesExtension.find(Ljava/lang/String;)Ljava/lang/Object; @ 4 c2
Event: 344.303 Thread 0x000001c0c45ab1a0 DEOPT PACKING pc=0x000001c097171890 sp=0x00000037c24f9d00
Event: 344.303 Thread 0x000001c0c45ab1a0 DEOPT UNPACKING pc=0x000001c0961d4422 sp=0x00000037c24f9cb8 mode 2
Event: 347.116 Thread 0x000001c0c45ab1a0 DEOPT PACKING pc=0x000001c0907d9889 sp=0x00000037c24f7e10
Event: 347.116 Thread 0x000001c0c45ab1a0 DEOPT UNPACKING pc=0x000001c0961d4bc2 sp=0x00000037c24f7390 mode 0
Event: 347.135 Thread 0x000001c0c45ab1a0 DEOPT PACKING pc=0x000001c0907d9889 sp=0x00000037c24f7e10
Event: 347.135 Thread 0x000001c0c45ab1a0 DEOPT UNPACKING pc=0x000001c0961d4bc2 sp=0x00000037c24f7390 mode 0
Event: 347.169 Thread 0x000001c0c45ab1a0 DEOPT PACKING pc=0x000001c0907d9889 sp=0x00000037c24f7e10
Event: 347.169 Thread 0x000001c0c45ab1a0 DEOPT UNPACKING pc=0x000001c0961d4bc2 sp=0x00000037c24f7390 mode 0
Event: 347.265 Thread 0x000001c0c45ab1a0 DEOPT PACKING pc=0x000001c0907d9889 sp=0x00000037c24f7db0
Event: 347.265 Thread 0x000001c0c45ab1a0 DEOPT UNPACKING pc=0x000001c0961d4bc2 sp=0x00000037c24f7320 mode 0
Event: 349.287 Thread 0x000001c0c45ab1a0 Uncommon trap: trap_request=0xffffffde fr.pc=0x000001c09706dc9c relative=0x000000000000025c
Event: 349.287 Thread 0x000001c0c45ab1a0 Uncommon trap: reason=class_check action=maybe_recompile pc=0x000001c09706dc9c method=org.gradle.internal.deprecation.DeprecationLogger.nagUserWith(Lorg/gradle/internal/deprecation/DeprecationMessageBuilder;Ljava/lang/Class;)V @ 7 c2
Event: 349.287 Thread 0x000001c0c45ab1a0 DEOPT PACKING pc=0x000001c09706dc9c sp=0x00000037c24f7b90
Event: 349.287 Thread 0x000001c0c45ab1a0 DEOPT UNPACKING pc=0x000001c0961d4422 sp=0x00000037c24f7ac8 mode 2

Classes loaded (20 events):
Event: 347.383 Loading class java/util/DictionaryCustomizer
Event: 347.383 Loading class java/util/DictionaryCustomizer done
Event: 347.383 Loading class java/util/DictionaryCustomizer
Event: 347.383 Loading class java/util/DictionaryCustomizer done
Event: 347.384 Loading class java/util/HashtableCustomizer
Event: 347.384 Loading class java/util/HashtableCustomizer done
Event: 347.385 Loading class java/util/HashtableCustomizer
Event: 347.385 Loading class java/util/HashtableCustomizer done
Event: 347.387 Loading class java/util/PropertiesCustomizer
Event: 347.387 Loading class java/util/PropertiesCustomizer done
Event: 347.388 Loading class java/util/PropertiesCustomizer
Event: 347.388 Loading class java/util/PropertiesCustomizer done
Event: 347.575 Loading class java/util/TreeSetBeanInfo
Event: 347.575 Loading class java/util/TreeSetBeanInfo done
Event: 347.576 Loading class java/util/TreeSetBeanInfo
Event: 347.576 Loading class java/util/TreeSetBeanInfo done
Event: 347.577 Loading class java/util/TreeSetCustomizer
Event: 347.577 Loading class java/util/TreeSetCustomizer done
Event: 347.578 Loading class java/util/TreeSetCustomizer
Event: 347.578 Loading class java/util/TreeSetCustomizer done

Classes unloaded (20 events):
Event: 185.814 Thread 0x000001c0a2d86990 Unloading class 0x000001c0a5d86800 'java/lang/invoke/LambdaForm$MH+0x000001c0a5d86800'
Event: 185.814 Thread 0x000001c0a2d86990 Unloading class 0x000001c0a5d86400 'java/lang/invoke/LambdaForm$MH+0x000001c0a5d86400'
Event: 185.814 Thread 0x000001c0a2d86990 Unloading class 0x000001c0a5d85800 'java/lang/invoke/LambdaForm$MH+0x000001c0a5d85800'
Event: 185.814 Thread 0x000001c0a2d86990 Unloading class 0x000001c0a5d85c00 'java/lang/invoke/LambdaForm$MH+0x000001c0a5d85c00'
Event: 185.814 Thread 0x000001c0a2d86990 Unloading class 0x000001c0a5d85000 'java/lang/invoke/LambdaForm$MH+0x000001c0a5d85000'
Event: 185.814 Thread 0x000001c0a2d86990 Unloading class 0x000001c0a5d84c00 'java/lang/invoke/LambdaForm$MH+0x000001c0a5d84c00'
Event: 185.814 Thread 0x000001c0a2d86990 Unloading class 0x000001c0a5d84000 'java/lang/invoke/LambdaForm$MH+0x000001c0a5d84000'
Event: 185.814 Thread 0x000001c0a2d86990 Unloading class 0x000001c0a5d84400 'java/lang/invoke/LambdaForm$MH+0x000001c0a5d84400'
Event: 185.814 Thread 0x000001c0a2d86990 Unloading class 0x000001c0a5d83800 'java/lang/invoke/LambdaForm$MH+0x000001c0a5d83800'
Event: 185.814 Thread 0x000001c0a2d86990 Unloading class 0x000001c0a5d83400 'java/lang/invoke/LambdaForm$MH+0x000001c0a5d83400'
Event: 185.814 Thread 0x000001c0a2d86990 Unloading class 0x000001c0a5d82c00 'java/lang/invoke/LambdaForm$MH+0x000001c0a5d82c00'
Event: 185.814 Thread 0x000001c0a2d86990 Unloading class 0x000001c0a5d82800 'java/lang/invoke/LambdaForm$MH+0x000001c0a5d82800'
Event: 185.814 Thread 0x000001c0a2d86990 Unloading class 0x000001c0a5d82000 'java/lang/invoke/LambdaForm$MH+0x000001c0a5d82000'
Event: 185.814 Thread 0x000001c0a2d86990 Unloading class 0x000001c0a5d81c00 'java/lang/invoke/LambdaForm$MH+0x000001c0a5d81c00'
Event: 185.814 Thread 0x000001c0a2d86990 Unloading class 0x000001c0a5d81400 'java/lang/invoke/LambdaForm$MH+0x000001c0a5d81400'
Event: 185.814 Thread 0x000001c0a2d86990 Unloading class 0x000001c0a5d81000 'java/lang/invoke/LambdaForm$MH+0x000001c0a5d81000'
Event: 185.814 Thread 0x000001c0a2d86990 Unloading class 0x000001c0a5d80800 'java/lang/invoke/LambdaForm$MH+0x000001c0a5d80800'
Event: 185.814 Thread 0x000001c0a2d86990 Unloading class 0x000001c0a5d80400 'java/lang/invoke/LambdaForm$DMH+0x000001c0a5d80400'
Event: 185.814 Thread 0x000001c0a2d86990 Unloading class 0x000001c0a5d70800 'java/lang/invoke/LambdaForm$MH+0x000001c0a5d70800'
Event: 185.814 Thread 0x000001c0a2d86990 Unloading class 0x000001c0a5d70400 'java/lang/invoke/LambdaForm$DMH+0x000001c0a5d70400'

Classes redefined (0 events):
No events

Internal exceptions (20 events):
Event: 347.380 Thread 0x000001c0c45ab1a0 Exception <a 'java/lang/ClassNotFoundException'{0x00000000912f5180}: java/util/PropertiesBeanInfo> (0x00000000912f5180) 
thrown [s\src\hotspot\share\classfile\systemDictionary.cpp, line 313]
Event: 347.381 Thread 0x000001c0c45ab1a0 Exception <a 'java/lang/ClassNotFoundException'{0x0000000091100e88}: java/util/HashtableBeanInfo> (0x0000000091100e88) 
thrown [s\src\hotspot\share\classfile\systemDictionary.cpp, line 313]
Event: 347.383 Thread 0x000001c0c45ab1a0 Exception <a 'java/lang/ClassNotFoundException'{0x000000009110c0c0}: java/util/DictionaryBeanInfo> (0x000000009110c0c0) 
thrown [s\src\hotspot\share\classfile\systemDictionary.cpp, line 313]
Event: 347.384 Thread 0x000001c0c45ab1a0 Exception <a 'java/lang/ClassNotFoundException'{0x0000000091117318}: java/util/DictionaryCustomizer> (0x0000000091117318) 
thrown [s\src\hotspot\share\classfile\systemDictionary.cpp, line 313]
Event: 347.385 Thread 0x000001c0c45ab1a0 Exception <a 'java/lang/ClassNotFoundException'{0x00000000911281f8}: java/util/HashtableCustomizer> (0x00000000911281f8) 
thrown [s\src\hotspot\share\classfile\systemDictionary.cpp, line 313]
Event: 347.388 Thread 0x000001c0c45ab1a0 Exception <a 'java/lang/ClassNotFoundException'{0x0000000091171f48}: java/util/PropertiesCustomizer> (0x0000000091171f48) 
thrown [s\src\hotspot\share\classfile\systemDictionary.cpp, line 313]
Event: 347.528 Thread 0x000001c0c45ab1a0 Exception <a 'java/lang/ClassNotFoundException'{0x00000000910115e0}: build_1dx0txig7uqvrafc0jjjglql4$_run_closure3BeanInfo> (0x00000000910115e0) 
thrown [s\src\hotspot\share\classfile\systemDictionary.cpp, line 313]
Event: 347.530 Thread 0x000001c0c45ab1a0 Exception <a 'java/lang/ClassNotFoundException'{0x000000009101fe58}: build_1dx0txig7uqvrafc0jjjglql4$_run_closure3Customizer> (0x000000009101fe58) 
thrown [s\src\hotspot\share\classfile\systemDictionary.cpp, line 313]
Event: 347.576 Thread 0x000001c0c45ab1a0 Exception <a 'java/lang/ClassNotFoundException'{0x0000000090f67500}: java/util/TreeSetBeanInfo> (0x0000000090f67500) 
thrown [s\src\hotspot\share\classfile\systemDictionary.cpp, line 313]
Event: 347.578 Thread 0x000001c0c45ab1a0 Exception <a 'java/lang/ClassNotFoundException'{0x0000000090f73f30}: java/util/TreeSetCustomizer> (0x0000000090f73f30) 
thrown [s\src\hotspot\share\classfile\systemDictionary.cpp, line 313]
Event: 349.052 Thread 0x000001c0c45ab1a0 Exception <a 'java/lang/ClassNotFoundException'{0x00000000ffa1a468}: com/google/common/collect/RegularImmutableSetBeanInfo> (0x00000000ffa1a468) 
thrown [s\src\hotspot\share\classfile\systemDictionary.cpp, line 313]
Event: 349.053 Thread 0x000001c0c45ab1a0 Exception <a 'java/lang/ClassNotFoundException'{0x00000000ffa2bd28}: com/google/common/collect/ImmutableSet$CachingAsListBeanInfo> (0x00000000ffa2bd28) 
thrown [s\src\hotspot\share\classfile\systemDictionary.cpp, line 313]
Event: 349.054 Thread 0x000001c0c45ab1a0 Exception <a 'java/lang/ClassNotFoundException'{0x00000000ffa3d9a0}: com/google/common/collect/ImmutableSet$CachingAsListCustomizer> (0x00000000ffa3d9a0) 
thrown [s\src\hotspot\share\classfile\systemDictionary.cpp, line 313]
Event: 349.054 Thread 0x000001c0c45ab1a0 Exception <a 'java/lang/ClassNotFoundException'{0x00000000ffa55990}: com/google/common/collect/RegularImmutableSetCustomizer> (0x00000000ffa55990) 
thrown [s\src\hotspot\share\classfile\systemDictionary.cpp, line 313]
Event: 349.139 Thread 0x000001c0c45ab1a0 Exception <a 'java/lang/ClassNotFoundException'{0x00000000ff918018}: org/gradle/api/internal/artifacts/dependencies/DefaultProjectDependency_DecoratedBeanInfo> (0x00000000ff918018) 
thrown [s\src\hotspot\share\classfile\systemDictionary.cpp, line 313]
Event: 349.140 Thread 0x000001c0c45ab1a0 Exception <a 'java/lang/ClassNotFoundException'{0x00000000ff9364c8}: org/gradle/api/internal/artifacts/dependencies/DefaultProjectDependencyBeanInfo> (0x00000000ff9364c8) 
thrown [s\src\hotspot\share\classfile\systemDictionary.cpp, line 313]
Event: 349.140 Thread 0x000001c0c45ab1a0 Exception <a 'java/lang/ClassNotFoundException'{0x00000000ff9549a0}: org/gradle/api/internal/artifacts/dependencies/DefaultProjectDependencyCustomizer> (0x00000000ff9549a0) 
thrown [s\src\hotspot\share\classfile\systemDictionary.cpp, line 313]
Event: 349.141 Thread 0x000001c0c45ab1a0 Exception <a 'java/lang/ClassNotFoundException'{0x00000000ff98c598}: org/gradle/api/internal/artifacts/dependencies/DefaultProjectDependency_DecoratedCustomizer> (0x00000000ff98c598) 
thrown [s\src\hotspot\share\classfile\systemDictionary.cpp, line 313]
Event: 349.271 Thread 0x000001c0c45ab1a0 Exception <a 'java/lang/ClassNotFoundException'{0x0000000097a28b68}: build_beb1e4vwla01ltzeoz0n67pjpBeanInfo> (0x0000000097a28b68) 
thrown [s\src\hotspot\share\classfile\systemDictionary.cpp, line 313]
Event: 349.272 Thread 0x000001c0c45ab1a0 Exception <a 'java/lang/ClassNotFoundException'{0x0000000097a2f940}: build_beb1e4vwla01ltzeoz0n67pjpCustomizer> (0x0000000097a2f940) 
thrown [s\src\hotspot\share\classfile\systemDictionary.cpp, line 313]

ZGC Phase Switch (0 events):
No events

VM Operations (20 events):
Event: 341.073 Executing safepoint VM operation: Cleanup
Event: 341.073 Executing safepoint VM operation: Cleanup done
Event: 341.859 Executing safepoint VM operation: G1CollectForAllocation (G1 Evacuation Pause)
Event: 341.871 Executing safepoint VM operation: G1CollectForAllocation (G1 Evacuation Pause) done
Event: 342.871 Executing safepoint VM operation: Cleanup
Event: 342.871 Executing safepoint VM operation: Cleanup done
Event: 343.878 Executing safepoint VM operation: Cleanup
Event: 343.878 Executing safepoint VM operation: Cleanup done
Event: 344.878 Executing safepoint VM operation: Cleanup
Event: 344.878 Executing safepoint VM operation: Cleanup done
Event: 345.879 Executing safepoint VM operation: Cleanup
Event: 345.879 Executing safepoint VM operation: Cleanup done
Event: 347.880 Executing safepoint VM operation: Cleanup
Event: 347.880 Executing safepoint VM operation: Cleanup done
Event: 347.955 Executing safepoint VM operation: G1CollectForAllocation (G1 Evacuation Pause)
Event: 348.957 Executing safepoint VM operation: G1CollectForAllocation (G1 Evacuation Pause) done
Event: 350.957 Executing safepoint VM operation: Cleanup
Event: 350.957 Executing safepoint VM operation: Cleanup done
Event: 353.957 Executing safepoint VM operation: Cleanup
Event: 353.958 Executing safepoint VM operation: Cleanup done

Memory protections (0 events):
No events

Nmethod flushes (20 events):
Event: 335.943 Thread 0x000001c0a2d86990 flushing  nmethod 0x000001c08f925f10
Event: 335.943 Thread 0x000001c0a2d86990 flushing  nmethod 0x000001c08f964990
Event: 335.943 Thread 0x000001c0a2d86990 flushing  nmethod 0x000001c08f9a1810
Event: 335.943 Thread 0x000001c0a2d86990 flushing  nmethod 0x000001c08f9ae310
Event: 335.943 Thread 0x000001c0a2d86990 flushing  nmethod 0x000001c08fab2810
Event: 335.943 Thread 0x000001c0a2d86990 flushing  nmethod 0x000001c08fab8990
Event: 335.943 Thread 0x000001c0a2d86990 flushing  nmethod 0x000001c08fc13390
Event: 335.943 Thread 0x000001c0a2d86990 flushing  nmethod 0x000001c08fc51e10
Event: 335.943 Thread 0x000001c0a2d86990 flushing  nmethod 0x000001c08fc52310
Event: 335.943 Thread 0x000001c0a2d86990 flushing  nmethod 0x000001c08fccd490
Event: 335.943 Thread 0x000001c0a2d86990 flushing  nmethod 0x000001c08fedc910
Event: 335.943 Thread 0x000001c0a2d86990 flushing  nmethod 0x000001c090292890
Event: 335.943 Thread 0x000001c0a2d86990 flushing  nmethod 0x000001c090492d90
Event: 335.943 Thread 0x000001c0a2d86990 flushing  nmethod 0x000001c0906c4890
Event: 335.943 Thread 0x000001c0a2d86990 flushing  nmethod 0x000001c0908b4a10
Event: 335.943 Thread 0x000001c0a2d86990 flushing  nmethod 0x000001c0908b6990
Event: 335.943 Thread 0x000001c0a2d86990 flushing  nmethod 0x000001c0909bfd10
Event: 335.943 Thread 0x000001c0a2d86990 flushing  nmethod 0x000001c0909c0610
Event: 335.943 Thread 0x000001c0a2d86990 flushing  nmethod 0x000001c0909c3910
Event: 335.943 Thread 0x000001c0a2d86990 flushing  nmethod 0x000001c0909c4510

Events (20 events):
Event: 287.285 Thread 0x000001c0c45ab1a0 Thread added: 0x000001c0c826d170
Event: 288.509 Thread 0x000001c0c826d170 Thread added: 0x000001c0cf3b9540
Event: 288.509 Thread 0x000001c0c826d170 Thread added: 0x000001c0cf3b7b00
Event: 301.843 Thread 0x000001c0a2dad800 Thread added: 0x000001c0c9ca0f90
Event: 302.077 Thread 0x000001c0c9ca0f90 Thread exited: 0x000001c0c9ca0f90
Event: 309.151 Thread 0x000001c0a2dad800 Thread added: 0x000001c0c9c9f450
Event: 309.828 Thread 0x000001c0c9c9f450 Thread exited: 0x000001c0c9c9f450
Event: 311.541 Thread 0x000001c0a2dad800 Thread added: 0x000001c0c9ca08c0
Event: 313.159 Thread 0x000001c0c9ca08c0 Thread exited: 0x000001c0c9ca08c0
Event: 313.779 Thread 0x000001c0a2dad800 Thread added: 0x000001c0c9c9f450
Event: 313.974 Thread 0x000001c0c9c9f450 Thread exited: 0x000001c0c9c9f450
Event: 323.056 Thread 0x000001c0a2dad800 Thread added: 0x000001c0c9c9fb20
Event: 323.191 Thread 0x000001c0c9c9fb20 Thread exited: 0x000001c0c9c9fb20
Event: 329.011 Thread 0x000001c0a2dad800 Thread added: 0x000001c0c9c9f450
Event: 329.165 Thread 0x000001c0c9c9f450 Thread exited: 0x000001c0c9c9f450
Event: 329.901 Thread 0x000001c0c7c52a00 Thread exited: 0x000001c0c7c52a00
Event: 329.987 Thread 0x000001c0a2dad800 Thread added: 0x000001c0c9ca08c0
Event: 330.185 Thread 0x000001c0c9ca08c0 Thread exited: 0x000001c0c9ca08c0
Event: 341.291 Thread 0x000001c0a2dacc30 Thread added: 0x000001c0c9ca31a0
Event: 342.681 Thread 0x000001c0c9ca31a0 Thread exited: 0x000001c0c9ca31a0


Dynamic libraries:
0x00007ff7a4fd0000 - 0x00007ff7a4fde000 	C:\Users\kenne\.vscode\extensions\redhat.java-1.55.0-win32-x64\jre\21.0.11-win32-x86_64\bin\java.exe
0x00007ffc73b40000 - 0x00007ffc73da6000 	C:\WINDOWS\SYSTEM32\ntdll.dll
0x00007ffc71c20000 - 0x00007ffc71ce9000 	C:\WINDOWS\System32\KERNEL32.DLL
0x00007ffc712d0000 - 0x00007ffc716cf000 	C:\WINDOWS\System32\KERNELBASE.dll
0x00007ffc70de0000 - 0x00007ffc70f2c000 	C:\WINDOWS\System32\ucrtbase.dll
0x00007ffc3f260000 - 0x00007ffc3f278000 	C:\Users\kenne\.vscode\extensions\redhat.java-1.55.0-win32-x64\jre\21.0.11-win32-x86_64\bin\jli.dll
0x00007ffc3f520000 - 0x00007ffc3f53e000 	C:\Users\kenne\.vscode\extensions\redhat.java-1.55.0-win32-x64\jre\21.0.11-win32-x86_64\bin\VCRUNTIME140.dll
0x00007ffc71f90000 - 0x00007ffc72156000 	C:\WINDOWS\System32\USER32.dll
0x00007ffc71130000 - 0x00007ffc71157000 	C:\WINDOWS\System32\win32u.dll
0x00007ffc57360000 - 0x00007ffc575f1000 	C:\WINDOWS\WinSxS\amd64_microsoft.windows.common-controls_6595b64144ccf1df_6.0.26100.8972_none_3e0da176e32f9d4b\COMCTL32.dll
0x00007ffc73780000 - 0x00007ffc737ab000 	C:\WINDOWS\System32\GDI32.dll
0x00007ffc72df0000 - 0x00007ffc72e99000 	C:\WINDOWS\System32\msvcrt.dll
0x00007ffc71000000 - 0x00007ffc71129000 	C:\WINDOWS\System32\gdi32full.dll
0x00007ffc71160000 - 0x00007ffc71203000 	C:\WINDOWS\System32\msvcp_win.dll
0x00007ffc733d0000 - 0x00007ffc73402000 	C:\WINDOWS\System32\IMM32.DLL
0x00007ffc58fb0000 - 0x00007ffc58fbc000 	C:\Users\kenne\.vscode\extensions\redhat.java-1.55.0-win32-x64\jre\21.0.11-win32-x86_64\bin\vcruntime140_1.dll
0x00007ffc2fa80000 - 0x00007ffc2fb0d000 	C:\Users\kenne\.vscode\extensions\redhat.java-1.55.0-win32-x64\jre\21.0.11-win32-x86_64\bin\msvcp140.dll
0x00007ffbf4020000 - 0x00007ffbf4dc2000 	C:\Users\kenne\.vscode\extensions\redhat.java-1.55.0-win32-x64\jre\21.0.11-win32-x86_64\bin\server\jvm.dll
0x00007ffc721c0000 - 0x00007ffc7227c000 	C:\WINDOWS\System32\ADVAPI32.dll
0x00007ffc72290000 - 0x00007ffc7233a000 	C:\WINDOWS\System32\sechost.dll
0x00007ffc72340000 - 0x00007ffc72458000 	C:\WINDOWS\System32\RPCRT4.dll
0x00007ffc71cf0000 - 0x00007ffc71d72000 	C:\WINDOWS\System32\WS2_32.dll
0x00007ffc5dd00000 - 0x00007ffc5dd0b000 	C:\WINDOWS\SYSTEM32\VERSION.dll
0x00007ffc6b2f0000 - 0x00007ffc6b326000 	C:\WINDOWS\SYSTEM32\WINMM.dll
0x00007ffc70bb0000 - 0x00007ffc70c0e000 	C:\WINDOWS\SYSTEM32\POWRPROF.dll
0x00007ffc70b90000 - 0x00007ffc70ba5000 	C:\WINDOWS\SYSTEM32\UMPDC.dll
0x00007ffc6f960000 - 0x00007ffc6f97b000 	C:\WINDOWS\SYSTEM32\kernel.appcore.dll
0x00007ffc5a150000 - 0x00007ffc5a15a000 	C:\Users\kenne\.vscode\extensions\redhat.java-1.55.0-win32-x64\jre\21.0.11-win32-x86_64\bin\jimage.dll
0x00007ffc6e1b0000 - 0x00007ffc6e3f2000 	C:\WINDOWS\SYSTEM32\DBGHELP.DLL
0x00007ffc71870000 - 0x00007ffc71bf5000 	C:\WINDOWS\System32\combase.dll
0x00007ffc73410000 - 0x00007ffc734e9000 	C:\WINDOWS\System32\OLEAUT32.dll
0x00007ffc56530000 - 0x00007ffc5656b000 	C:\WINDOWS\SYSTEM32\dbgcore.DLL
0x00007ffc70f40000 - 0x00007ffc70fec000 	C:\WINDOWS\System32\bcryptPrimitives.dll
0x00007ffc3e590000 - 0x00007ffc3e59f000 	C:\Users\kenne\.vscode\extensions\redhat.java-1.55.0-win32-x64\jre\21.0.11-win32-x86_64\bin\instrument.dll
0x00007ffc3e7e0000 - 0x00007ffc3e800000 	C:\Users\kenne\.vscode\extensions\redhat.java-1.55.0-win32-x64\jre\21.0.11-win32-x86_64\bin\java.dll
0x00007ffc72660000 - 0x00007ffc72de8000 	C:\WINDOWS\System32\SHELL32.dll
0x00007ffc6e7c0000 - 0x00007ffc6f05b000 	C:\WINDOWS\SYSTEM32\windows.storage.dll
0x00007ffc71e90000 - 0x00007ffc71f89000 	C:\WINDOWS\System32\SHCORE.dll
0x00007ffc73990000 - 0x00007ffc739f6000 	C:\WINDOWS\System32\shlwapi.dll
0x00007ffc70c70000 - 0x00007ffc70c99000 	C:\WINDOWS\SYSTEM32\profapi.dll
0x00007ffc44af0000 - 0x00007ffc44b08000 	C:\Users\kenne\.vscode\extensions\redhat.java-1.55.0-win32-x64\jre\21.0.11-win32-x86_64\bin\zip.dll
0x00007ffc5a140000 - 0x00007ffc5a150000 	C:\Users\kenne\.vscode\extensions\redhat.java-1.55.0-win32-x64\jre\21.0.11-win32-x86_64\bin\net.dll
0x00007ffc69ac0000 - 0x00007ffc69be8000 	C:\WINDOWS\SYSTEM32\WINHTTP.dll
0x00007ffc6ff90000 - 0x00007ffc6fffc000 	C:\WINDOWS\system32\mswsock.dll
0x00007ffc3e5a0000 - 0x00007ffc3e5b6000 	C:\Users\kenne\.vscode\extensions\redhat.java-1.55.0-win32-x64\jre\21.0.11-win32-x86_64\bin\nio.dll
0x00007ffc3e2e0000 - 0x00007ffc3e2f0000 	C:\Users\kenne\.vscode\extensions\redhat.java-1.55.0-win32-x64\jre\21.0.11-win32-x86_64\bin\verify.dll
0x00007ffc3f290000 - 0x00007ffc3f2b7000 	C:\Users\kenne\.gradle\native\1def1411415f61bf3af743bc5b6707747c0891f09f0c88961ee8f79bc544acac\windows-amd64\native-platform.dll
0x00007ffc3c680000 - 0x00007ffc3c6f8000 	C:\Users\kenne\.gradle\native\0.2.7\x86_64-windows-gnu\gradle-fileevents.dll
0x00007ffc3e8e0000 - 0x00007ffc3e8ea000 	C:\Users\kenne\.vscode\extensions\redhat.java-1.55.0-win32-x64\jre\21.0.11-win32-x86_64\bin\management.dll
0x00007ffc3e8d0000 - 0x00007ffc3e8dc000 	C:\Users\kenne\.vscode\extensions\redhat.java-1.55.0-win32-x64\jre\21.0.11-win32-x86_64\bin\management_ext.dll
0x00007ffc71e80000 - 0x00007ffc71e88000 	C:\WINDOWS\System32\PSAPI.DLL
0x00007ffc6f500000 - 0x00007ffc6f533000 	C:\WINDOWS\SYSTEM32\IPHLPAPI.DLL
0x00007ffc736b0000 - 0x00007ffc736ba000 	C:\WINDOWS\System32\NSI.dll
0x00007ffc3e470000 - 0x00007ffc3e479000 	C:\Users\kenne\.vscode\extensions\redhat.java-1.55.0-win32-x64\jre\21.0.11-win32-x86_64\bin\extnet.dll
0x00007ffc703b0000 - 0x00007ffc703cb000 	C:\WINDOWS\SYSTEM32\CRYPTSP.dll
0x00007ffc6f980000 - 0x00007ffc6f9b9000 	C:\WINDOWS\system32\rsaenh.dll
0x00007ffc70040000 - 0x00007ffc70072000 	C:\WINDOWS\SYSTEM32\USERENV.dll
0x00007ffc70c40000 - 0x00007ffc70c6a000 	C:\WINDOWS\SYSTEM32\bcrypt.dll
0x00007ffc701f0000 - 0x00007ffc701fc000 	C:\WINDOWS\SYSTEM32\CRYPTBASE.dll
0x00007ffc3e5c0000 - 0x00007ffc3e5ce000 	C:\Users\kenne\.vscode\extensions\redhat.java-1.55.0-win32-x64\jre\21.0.11-win32-x86_64\bin\sunmscapi.dll
0x00007ffc716e0000 - 0x00007ffc7185e000 	C:\WINDOWS\System32\CRYPT32.dll
0x00007ffc70520000 - 0x00007ffc70550000 	C:\WINDOWS\SYSTEM32\ncrypt.dll
0x00007ffc704d0000 - 0x00007ffc7050f000 	C:\WINDOWS\SYSTEM32\NTASN1.dll
0x00007ffc47890000 - 0x00007ffc47898000 	C:\WINDOWS\system32\wshunix.dll
0x00007ffc60a20000 - 0x00007ffc60a27000 	C:\Users\kenne\.vscode\extensions\redhat.java-1.55.0-win32-x64\jre\21.0.11-win32-x86_64\bin\rmi.dll

JVMTI agents:
C:\Users\kenne\.gradle\wrapper\dists\gradle-8.14.3-bin\cv11ve7ro1n3o1j4so8xd9n66\gradle-8.14.3\lib\agents\gradle-instrumentation-agent-8.14.3.jar path:C:\Users\kenne\.vscode\extensions\redhat.java-1.55.0-win32-x64\jre\21.0.11-win32-x86_64\bin\instrument.dll, loaded, initialized, instrumentlib options:none

dbghelp: loaded successfully - version: 4.0.5 - missing functions: none
symbol engine: initialized successfully - sym options: 0x614 - pdb path: .;C:\Users\kenne\.vscode\extensions\redhat.java-1.55.0-win32-x64\jre\21.0.11-win32-x86_64\bin;C:\WINDOWS\SYSTEM32;C:\WINDOWS\WinSxS\amd64_microsoft.windows.common-controls_6595b64144ccf1df_6.0.26100.8972_none_3e0da176e32f9d4b;C:\Users\kenne\.vscode\extensions\redhat.java-1.55.0-win32-x64\jre\21.0.11-win32-x86_64\bin\server;C:\Users\kenne\.gradle\native\1def1411415f61bf3af743bc5b6707747c0891f09f0c88961ee8f79bc544acac\windows-amd64;C:\Users\kenne\.gradle\native\0.2.7\x86_64-windows-gnu

VM Arguments:
jvm_args: --add-opens=java.base/java.lang=ALL-UNNAMED --add-opens=java.base/java.lang.invoke=ALL-UNNAMED --add-opens=java.base/java.util=ALL-UNNAMED --add-opens=java.prefs/java.util.prefs=ALL-UNNAMED --add-exports=jdk.compiler/com.sun.tools.javac.api=ALL-UNNAMED --add-exports=jdk.compiler/com.sun.tools.javac.util=ALL-UNNAMED --add-opens=java.base/java.util=ALL-UNNAMED --add-opens=java.prefs/java.util.prefs=ALL-UNNAMED --add-opens=java.base/java.nio.charset=ALL-UNNAMED --add-opens=java.base/java.net=ALL-UNNAMED --add-opens=java.base/java.util.concurrent.atomic=ALL-UNNAMED --add-opens=java.xml/javax.xml.namespace=ALL-UNNAMED -XX:MaxMetaspaceSize=512m -Xmx2048m -Dfile.encoding=UTF-8 -Duser.country=PH -Duser.language=en -Duser.variant -javaagent:C:\Users\kenne\.gradle\wrapper\dists\gradle-8.14.3-bin\cv11ve7ro1n3o1j4so8xd9n66\gradle-8.14.3\lib\agents\gradle-instrumentation-agent-8.14.3.jar 
java_command: org.gradle.launcher.daemon.bootstrap.GradleDaemon 8.14.3
java_class_path (initial): C:\Users\kenne\.gradle\wrapper\dists\gradle-8.14.3-bin\cv11ve7ro1n3o1j4so8xd9n66\gradle-8.14.3\lib\gradle-daemon-main-8.14.3.jar
Launcher Type: SUN_STANDARD

[Global flags]
     intx CICompilerCount                          = 4                                         {product} {ergonomic}
   size_t CompressedClassSpaceSize                 = 436207616                                 {product} {ergonomic}
     uint ConcGCThreads                            = 3                                         {product} {ergonomic}
     uint G1ConcRefinementThreads                  = 10                                        {product} {ergonomic}
   size_t G1HeapRegionSize                         = 1048576                                   {product} {ergonomic}
    uintx GCDrainStackTargetSize                   = 64                                        {product} {ergonomic}
   size_t InitialHeapSize                          = 264241152                                 {product} {ergonomic}
   size_t MarkStackSize                            = 4194304                                   {product} {ergonomic}
   size_t MaxHeapSize                              = 2147483648                                {product} {command line}
   size_t MaxMetaspaceSize                         = 536870912                                 {product} {command line}
   size_t MaxNewSize                               = 1287651328                                {product} {ergonomic}
   size_t MinHeapDeltaBytes                        = 1048576                                   {product} {ergonomic}
   size_t MinHeapSize                              = 8388608                                   {product} {ergonomic}
    uintx NonNMethodCodeHeapSize                   = 5839372                                {pd product} {ergonomic}
    uintx NonProfiledCodeHeapSize                  = 122909434                              {pd product} {ergonomic}
    uintx ProfiledCodeHeapSize                     = 122909434                              {pd product} {ergonomic}
    uintx ReservedCodeCacheSize                    = 251658240                              {pd product} {ergonomic}
     bool SegmentedCodeCache                       = true                                      {product} {ergonomic}
   size_t SoftMaxHeapSize                          = 2147483648                             {manageable} {ergonomic}
     bool UseCompressedOops                        = true                           {product lp64_product} {ergonomic}
     bool UseG1GC                                  = true                                      {product} {ergonomic}
     bool UseLargePagesIndividualAllocation        = false                                  {pd product} {ergonomic}

Logging:
Log output configuration:
 #0: stdout all=warning uptime,level,tags foldmultilines=false
 #1: stderr all=off uptime,level,tags foldmultilines=false

Release file:
JAVA_VERSION="21.0.11" 
MODULES="java.base java.compiler java.datatransfer java.xml java.prefs java.desktop java.instrument java.logging java.management java.security.sasl java.naming java.rmi java.management.rmi java.net.http java.scripting java.security.jgss java.transaction.xa java.sql java.sql.rowset java.xml.crypto java.se java.smartcardio jdk.accessibility jdk.internal.jvmstat jdk.attach jdk.charsets jdk.internal.opt jdk.zipfs jdk.compiler jdk.crypto.ec jdk.crypto.cryptoki jdk.crypto.mscapi jdk.dynalink jdk.internal.ed jdk.editpad jdk.hotspot.agent jdk.httpserver jdk.internal.le jdk.internal.vm.ci jdk.internal.vm.compiler jdk.internal.vm.compiler.management jdk.jartool jdk.javadoc jdk.jcmd jdk.management jdk.management.agent jdk.jconsole jdk.jdeps jdk.jdwp.agent jdk.jdi jdk.jfr jdk.jshell jdk.jsobject jdk.jstatd jdk.localedata jdk.management.jfr jdk.naming.dns jdk.naming.rmi jdk.net jdk.nio.mapmode jdk.random jdk.sctp jdk.security.auth jdk.security.jgss jdk.unsupported jdk.unsupported.desktop jdk.xml.dom" 

Environment Variables:
JAVA_HOME=C:\Program Files\Eclipse Adoptium\jdk-17.0.15.6-hotspot\
PATH=C:\Program Files\Eclipse Adoptium\jdk-17.0.15.6-hotspot\bin;C:\Program Files\Common Files\Oracle\Java\javapath;C:\WINDOWS\system32;C:\WINDOWS;C:\WINDOWS\System32\Wbem;C:\WINDOWS\System32\WindowsPowerShell\v1.0\;C:\WINDOWS\System32\OpenSSH\;C:\ProgramData\ComposerSetup\bin;C:\Program Files\Git\cmd;C:\Program Files\PostgreSQL\17\bin;C:\flutter\flutter\bin;C:\Program Files\Microsoft SQL Server\150\Tools\Binn\;C:\Users\kenne\AppData\Local\nvm;C:\nvm4w\nodejs;C:\ProgramData\chocolatey\bin;C:\Windows\System32;C:\Program Files\CMake\bin;C:\php\php-8.4.7-nts-Win32-vs17-x64 (1);C:\Program Files\nodejs\;C:\Users\kenne\AppData\Local\Pub\Cache\bin;C:\Program Files\dotnet\;C:\Program Files (x86)\Windows Kits\10\Windows Performance Toolkit\;C:\Program Files (x86)\Bitvise SSH Client;C:\Program Files\Go\bin;C:\Program Files\Tailscale\;c:\Users\kenne\AppData\Roaming\Code\User\globalStorage\github.copilot-chat\debugCommand;c:\Users\kenne\AppData\Roaming\Code\User\globalStorage\github.copilot-chat\copilotCli;C:\Users\kenne\AppData\Local\Programs\Microsoft VS Code;C:\Program Files\Eclipse Adoptium\jdk-17.0.15.6-hotspot\bin;C:\Program Files\Common Files\Oracle\Java\javapath;C:\WINDOWS\system32;C:\WINDOWS;C:\WINDOWS\System32\Wbem;C:\WINDOWS\System32\WindowsPowerShell\v1.0\;C:\WINDOWS\System32\OpenSSH\;C:\ProgramData\ComposerSetup\bin;C:\Program Files\Git\cmd;C:\Program Files\PostgreSQL\17\bin;C:\flutter\flutter\bin;C:\Program Files\Microsoft SQL Server\150\Tools\Binn\;C:\Users\kenne\AppData\Local\nvm;C:\nvm4w\nodejs;C:\ProgramData\chocolatey\bin;C:\Windows\System32;C:\Program Files\CMake\bin;C:\php\php-8.4.7-nts-Win32-vs17-x64 (1);C:\Program Files\nodejs\;C:\Users\kenne\AppData\Local\Pub\Cache\bin;C:\Program Files\dotnet\;C:\Program Files (x86)\Windows Kits\10\Windows Performance Toolkit\;C:\Program Files\Go\bin;C:\Program Files\Docker\Docker\resources\bin;C:\Program Files (x86)\Bitvise SSH Client;C:\Users\kenne\.config\herd-lite\bin;C:\Users\kenne\AppData\Local\Programs\Python\Python311\Scripts\;C:\Users\kenne\AppData\Local\Programs\Python\Python311\;C:\Users\kenne\AppData\Local\Programs\Python\Python313\Scripts\;C:\Users\kenne\AppData\Local\Programs\Python\Python313\;C:\Users\kenne\AppData\Local\Microsoft\WindowsApps;C:\Users\kenne\AppData\Local\Programs\Microsoft VS Code\bin;C:\Users\kenne\AppData\Roaming\Composer\vendor\bin;C:\Users\kenne\AppData\Local\GitHubDesktop\bin;C:\Program Files\JetBrains\IntelliJ IDEA 2025.1.1\bin;;C:\php7_2;C:\Program Files\JetBrains\PyCharm 2025.1.1.1\bin;;C:\Users\kenne\AppData\Local\nvm;C:\nvm4w\nodejs;C:\Program Files\Multipass\bin;C:\Users\kenne\AppData\Roaming\npm;C:\Users\kenne\AppData\Local\Android\Sdk\tools;C:\Users\kenne\AppData\Local\Android\Sdk\tools\bin;C:\Users\kenne\AppData\Local\Android\Sdk\platform-tools;C:\Users\kenne\AppData\Local\Programs\Ollama;C:\Users\kenne\AppData\Local\Pub\Cache\bin;C:\Users\kenne\.dotnet\tools;C:\Users\kenne\go\bin;C:\Users\kenne\AppData\Local\Microsoft\WinGet\Links;C:\Program Files (x86)\Nmap;c:\Users\kenne\.vscode\extensions\vscjava.vscode-java-debug-0.59.0\bundled\scripts\noConfigScripts;c:\Users\kenne\.vscode\extensions\ms-python.debugpy-2025.18.0-win32-x64\bundled\scripts\noConfigScripts;C:\Users\kenne\.local\bin;C:\Users\kenne\AppData\Local\Programs\Antigravity\bin;C:\Users\kenne\go\bin;C:\Users\kenne\AppData\Local\Programs\Antigravity IDE\bin
USERNAME=kenne
OS=Windows_NT
PROCESSOR_IDENTIFIER=Intel64 Family 6 Model 154 Stepping 4, GenuineIntel
TMP=C:\Users\kenne\AppData\Local\Temp
TEMP=C:\Users\kenne\AppData\Local\Temp




Periodic native trim disabled

---------------  S Y S T E M  ---------------

OS:
 Windows 11 , 64 bit Build 26100 (10.0.26100.9168)
OS uptime: 0 days 6:23 hours
Hyper-V role detected

CPU: total 12 (initial active 12) (6 cores per cpu, 2 threads per core) family 6 model 154 stepping 4 microcode 0x434, cx8, cmov, fxsr, ht, mmx, 3dnowpref, sse, sse2, sse3, ssse3, sse4.1, sse4.2, popcnt, lzcnt, tsc, tscinvbit, avx, avx2, aes, erms, clmul, bmi1, bmi2, adx, sha, fma, vzeroupper, clflush, clflushopt, clwb, hv, serialize, rdtscp, rdpid, fsrm, f16c, cet_ibt, cet_ss
Processor Information for processor 0
  Max Mhz: 1700, Current Mhz: 1700, Mhz Limit: 1700
Processor Information for processor 1
  Max Mhz: 1700, Current Mhz: 1700, Mhz Limit: 1700
Processor Information for processor 2
  Max Mhz: 1700, Current Mhz: 1700, Mhz Limit: 1700
Processor Information for processor 3
  Max Mhz: 1700, Current Mhz: 1700, Mhz Limit: 1700
Processor Information for processor 4
  Max Mhz: 1700, Current Mhz: 1200, Mhz Limit: 1190
Processor Information for processor 5
  Max Mhz: 1700, Current Mhz: 1200, Mhz Limit: 1190
Processor Information for processor 6
  Max Mhz: 1700, Current Mhz: 1200, Mhz Limit: 1190
Processor Information for processor 7
  Max Mhz: 1700, Current Mhz: 1200, Mhz Limit: 1190
Processor Information for processor 8
  Max Mhz: 1700, Current Mhz: 1200, Mhz Limit: 1190
Processor Information for processor 9
  Max Mhz: 1700, Current Mhz: 1200, Mhz Limit: 1190
Processor Information for processor 10
  Max Mhz: 1700, Current Mhz: 1200, Mhz Limit: 1190
Processor Information for processor 11
  Max Mhz: 1700, Current Mhz: 1200, Mhz Limit: 1190

Memory: 4k page, system-wide physical 16088M (1382M free)
TotalPageFile size 65240M (AvailPageFile size 193M)
current process WorkingSet (physical memory assigned to process): 669M, peak: 691M
current process commit charge ("private bytes"): 820M, peak: 846M

vm_info: OpenJDK 64-Bit Server VM (21.0.11+10-LTS) for windows-amd64 JRE (21.0.11+10-LTS), built on 2026-04-21T00:00:00Z by "admin" with MS VC++ 17.12 (VS2022)

END.
